<?xml version="1.0" encoding="UTF-8" ?>
<templates>
    <t t-name="mceasy_erp.AccountReportFootnoteDialog">
        <t t-call="mceasy_erp.AccountReportFootnoteDialogCustomizable"/>
    </t>

    <t t-name="mceasy_erp.AccountReportFootnoteDialogCustomizable">
        <Dialog contentClass="'account_report_footnote_dialog'" title="title" size="'md'">
            <form>
                <textarea t-ref="text" placeholder="Insert foot note here">
                    <t t-out="props.text"/>
                </textarea>
            </form>

            <t t-set-slot="footer">
                <button class="btn btn-primary" t-on-click="_save">
                    Save
                </button>
                <button class="btn btn-secondary" t-on-click="_cancel">
                    Cancel
                </button>
            </t>
        </Dialog>
    </t>
</templates>
