<?xml version="1.0" encoding="UTF-8" ?>
<templates>
    <t t-name="mceasy_erp.AgedPartnerBalanceLineName" t-inherit="mceasy_erp.AccountReportLineNameCustomizable">
        <xpath expr="//td[@data-id='line_name']" position="attributes">
            <t t-if="props.line.unfoldable">
                <attribute name="class" add="more" separator=" "/>
            </t>
        </xpath>

        <xpath expr="//td[@data-id='line_name']//div[hasclass('wrapper')]//div[hasclass('content')]" position="inside">
            <t t-if="props.line.unfoldable">
                <button
                    class="btn btn_action"
                    t-on-click="(ev) => controller.reportAction(ev, 'caret_option_open_record_form', { line_id: props.line.id })"
                >
                    Open
                </button>

                <button
                    class="btn btn_action"
                    t-on-click="(ev) => controller.reportAction(ev, 'open_journal_items', { line_id: props.line.id })"
                >
                    Journal Items
                </button>
            </t>
        </xpath>

        <xpath expr="//button[@data-id='btn_foldable']" position="after">
            <t t-if="props.line.trust === 'good'">
                <i class="fa fa-circle text-success partner_trust" title="Partner is good"/>
            </t>
            <t t-elif="props.line.trust === 'bad'">
                <i class="fa fa-circle text-danger partner_trust" title="Partner is bad"/>
            </t>
        </xpath>

       <xpath expr="//div[@data-id='caret_options']" position="inside">
            <t t-if="controller.groups.account_user">
                <DropdownItem onSelected="(ev) => this.openExpectedDateDialog(ev)">
                    Change expected payment date
                </DropdownItem>
            </t>
       </xpath>
    </t>
</templates>
