id,name,model_id:id,group_id:id,perm_read,perm_write,perm_create,perm_unlink
access_product_component,access.product.component,mceasy_erp.model_product_component,base.group_user,1,1,1,1
access_product_component_placement,access.product.component.placement,mceasy_erp.model_product_component_placement,base.group_user,1,1,1,1
access_product_operation_template,access.product.operation.template,mceasy_erp.model_product_operation_template,base.group_user,1,1,1,1
access_product_operation_template_line,access.product.operation.template.line,mceasy_erp.model_product_operation_template_line,base.group_user,1,1,1,1
access_product_operation_template_line_activity,access.product.operation.template.line.activity,mceasy_erp.model_product_operation_template_line_activity,base.group_user,1,1,1,1
access_product_package_component,access.product.package.component,mceasy_erp.model_product_package_component,base.group_user,1,1,1,1
access_product_deduction_account,access.product.deduction.account,mceasy_erp.model_product_deduction_account,base.group_user,1,1,1,1