<?xml version="1.0" encoding="utf-8"?>
<odoo>
    <data noupdate="1">
        <record id="category_sales_business_development" model="crm.category">
            <field name="name">Business Development</field>
        </record>

        <record id="category_sales_telemarketing" model="crm.category">
            <field name="name">Telemarketing</field>
        </record>

        <record id="category_sales_other" model="crm.category">
            <field name="name">Other</field>
        </record>
    </data>
</odoo>
