<?xml version="1.0" encoding="utf-8"?>
<odoo noupdate="1">

    <record id="seq_sale_quotation" model="ir.sequence">
        <field name="name">Sales Quotation</field>
        <field name="code">sale.quotation</field>
        <field name="padding">5</field>
        <field name="suffix">/SQ/{REF}/%(month)s/%(year)s</field>
        <field name="company_id" eval="False"/>
    </record>

    <record id="seq_sale_contract" model="ir.sequence">
        <field name="name">Contract</field>
        <field name="code">sale.contract</field>
        <field name="padding">5</field>
        <field name="suffix">/{REF}/MCE/%(month)s/%(year)s</field>
        <field name="company_id" eval="False"/>
    </record>

    <record id="seq_sale_order" model="ir.sequence">
        <field name="name">Sales Order</field>
        <field name="code">sale.order</field>
        <field name="padding">5</field>
        <field name="prefix">SO-%(y)s%(month)s%(day)s-</field>
        <field name="company_id" eval="False"/>
    </record>

</odoo>
