<?xml version="1.0" encoding="UTF-8" ?>
<templates>
    <t t-name="mceasy_erp.DeferredFilterComparison" t-inherit="mceasy_erp.AccountReportFilterComparison">
        <xpath expr="//div[@name='filter_comparison_same_period_last_year']" position="replace"/>
        <xpath expr="//div[@name='filter_comparison_custom']" position="replace"/>
        <xpath expr="//div[@class='dropdown-divider'][last()]" position="replace"/>
        <xpath expr="//div[@class='dropdown-divider'][last()]" position="replace"/>
    </t>

    <t t-name="mceasy_erp.DeferredFilters" t-inherit="mceasy_erp.AccountReportFiltersCustomizable">
        <xpath expr="//div[@id='filter_comparison']/t" position="replace">
            <t t-call="mceasy_erp.DeferredFilterComparison"/>
        </xpath>
    </t>
</templates>
