<?xml version="1.0" encoding="utf-8"?>
<odoo noupdate="1">
    <record id="seq_after_sale_maintenance" model="ir.sequence">
        <field name="name">After Sales: Maintenance</field>
        <field name="code">after.sale.order.maintenance</field>
        <field name="padding">5</field>
        <field name="prefix">MT/%(month)s/%(year)s/{REF}/</field>
        <field name="company_id" eval="False"/>
    </record>
    <record id="seq_after_sale_move" model="ir.sequence">
        <field name="name">After Sales: Asset Migration</field>
        <field name="code">after.sale.order.move</field>
        <field name="padding">5</field>
        <field name="prefix">AM/%(month)s/%(year)s/{REF}/</field>
        <field name="company_id" eval="False"/>
    </record>
    <record id="seq_after_sale_churn" model="ir.sequence">
        <field name="name">After Sales: Churn</field>
        <field name="code">after.sale.order.churn</field>
        <field name="padding">5</field>
        <field name="prefix">CH/%(month)s/%(year)s/{REF}/</field>
        <field name="company_id" eval="False"/>
    </record>
</odoo>