<?xml version="1.0" encoding="UTF-8" ?>
<templates>
    <t t-name="mceasy_erp.PartnerLedgerLineName" t-inherit="mceasy_erp.AccountReportLineNameCustomizable">
        <xpath expr="//td[@data-id='line_name']" position="attributes">
            <t t-if="props.line.unfoldable">
                <attribute name="class" add="more" separator=" "/>
            </t>
        </xpath>

        <xpath expr="//td[@data-id='line_name']//div[hasclass('wrapper')]//div[hasclass('content')]" position="inside">
            <t t-if="props.line.unfoldable">
                <button
                    class="btn btn_action"
                    t-on-click="(ev) => controller.reportAction(ev, 'action_open_partner', { id: props.line.id })"
                >
                    Open
                </button>

                <button
                    class="btn btn_action"
                    t-on-click="(ev) => controller.reportAction(ev, 'open_journal_items', {
                        line_id: props.line.id,
                        view_ref: 'account.view_move_line_tree_grouped_partner',
                    })"
                >
                    Journal Items
                </button>
            </t>
        </xpath>

        <xpath expr="//button[@data-id='btn_foldable']" position="after">
            <t t-if="props.line.trust === 'good'">
                <i class="fa fa-circle text-success partner_trust" title="Partner is good"/>
            </t>
            <t t-elif="props.line.trust === 'bad'">
                <i class="fa fa-circle text-danger partner_trust" title="Partner is bad"/>
            </t>
        </xpath>
    </t>
</templates>
