<?xml version="1.0" encoding="UTF-8" ?>
<templates>
    <t t-name="mceasy_erp.AccountReportFilterExtraOptions">
        <Dropdown togglerClass="'btn btn-secondary'">
            <t t-set-slot="toggler">
                <i class="fa fa-filter me-1"/>Options:

                <t t-if="controller.groups.account_readonly and controller.filters.show_draft">
                    <t t-esc="(controller.options.all_entries) ? 'With Draft Entries' : 'Posted Entries Only'"/>
                </t>

                <t t-if="controller.filters.show_unreconciled and controller.options.unreconciled">
                    <t t-esc="(controller.filters.show_draft) ? ', Only Show Unreconciled Entries' : 'Only Show Unreconciled Entries'"/>
                </t>

                <t t-if="controller.options.include_analytic_without_aml">
                    <t t-esc="(controller.filters.show_draft) ? ', Including Analytic Simulations' : 'Including Analytic Simulations'"/>
                </t>
            </t>

            <t t-if="controller.groups.account_readonly and controller.filters.show_draft">
                <DropdownItem
                    class="{ 'filter_show_draft_hook': true, 'selected': controller.options.all_entries }"
                    onSelected="() => this.toggleFilter('all_entries')"
                >
                    Include Draft Entries
                </DropdownItem>
            </t>

            <t t-if="controller.groups.account_readonly and controller.filters.show_analytic_groupby">
                <DropdownItem
                    class="{ 'selected': controller.options.include_analytic_without_aml }"
                    onSelected="() => this.toggleFilter('include_analytic_without_aml')"
                >
                    Include Analytic Simulations
                </DropdownItem>
            </t>

            <t t-if="controller.filters.show_hierarchy">
                <DropdownItem
                    class="{ 'selected': controller.options.hierarchy }"
                    onSelected="() => this.toggleFilter('hierarchy')"
                >
                    Hierarchy and Subtotals
                </DropdownItem>
            </t>

            <t t-if="controller.filters.show_unreconciled">
                <DropdownItem
                    class="{ 'selected': controller.options.unreconciled }"
                    onSelected="() => this.toggleFilter('unreconciled')"
                >
                    Only Show Unreconciled Entries
                </DropdownItem>
            </t>

            <t t-if="controller.filters.show_all">
                <DropdownItem
                    class="{ 'filter_show_all_hook': true, 'selected': controller.options.unfold_all }"
                    onSelected="() => this.toggleFilter('unfold_all')"
                >
                    Unfold All
                </DropdownItem>
            </t>

            <t t-if="controller.filters.show_hide_0_lines != 'never'">
                <DropdownItem
                    class="{ 'selected': controller.options.hide_0_lines }"
                    onSelected="() => this.toggleHideZeroLines()"
                >
                    Hide lines at 0
                </DropdownItem>
            </t>
        </Dropdown>
    </t>
</templates>
