<?xml version="1.0" encoding="UTF-8" ?>
<templates>
    <t t-name="mceasy_erp.AccountReportFilterTaxUnit">
        <Dropdown togglerClass="'btn btn-secondary'">
            <t t-set-slot="toggler">
                <i class="fa fa-home me-1"/>Tax Unit: <t t-esc="selectedTaxUnitName"/>
            </t>

            <t t-if="controller.groups.account_readonly">
                <DropdownItem
                    class="{ 'selected': controller.options.tax_unit === 'company_only' }"
                    onSelected="() => this.updateFilter('tax_unit', 'company_only')"
                >
                    Company Only
                </DropdownItem>
            </t>

            <t t-foreach="controller.options.available_tax_units" t-as="taxUnit" t-key="taxUnit_index">
                <t t-if="taxUnit_first">
                    <div class="dropdown-divider"/>
                </t>

                <DropdownItem
                    class="{ 'selected': controller.options.tax_unit === taxUnit.id }"
                    onSelected="() => this.filterTaxUnit(taxUnit)"
                >
                    <t t-esc="taxUnit.name"/>
                </DropdownItem>
            </t>
        </Dropdown>
    </t>
</templates>
