<?xml version="1.0" encoding="UTF-8" ?>
<templates>
    <t t-name="mceasy_erp.AccountReportFilterAccountType">
        <Dropdown togglerClass="'btn btn-secondary'">
            <t t-set-slot="toggler">
                <i class="fa fa-user me-1"/>Account: <t t-out="selectedAccountType"/>
            </t>

            <t t-foreach="controller.options.account_type" t-as="accountType" t-key="accountType_index">
                <DropdownItem
                    class="{ 'selected': accountType.selected }"
                    onSelected="() => this.toggleFilter('account_type.' + accountType_index + '.selected')"
                >
                    <t t-out="accountType.name"/>
                </DropdownItem>
            </t>
        </Dropdown>
    </t>
</templates>
