<?xml version="1.0" encoding="utf-8"?>
<templates>

    <t t-name="mceasy_erp.MatchingLink">
        <t t-if="env.searchModel.context.is_matched_view">
            <span t-out="props.record.data[props.name]" t-attf-class="o_tag o_badge badge rounded-pill {{'o_tag_color_' + colorCode}}"/>
        </t>
        <t t-elif="props.record.data[props.name]">
            <a href='#' t-on-click.prevent="viewMatch" t-attf-class="o_tag o_badge badge rounded-pill {{'o_tag_color_' + colorCode}}">
                <span t-out="props.record.data[props.name]"/>
            </a>
        </t>
        <t t-elif="props.record.data.is_account_reconcile and showMatchingButton()">
            <button class="journal_item_matching_button btn btn-sm btn-secondary lh-1 text-uppercase" t-on-click="reconcile">Match</button>
        </t>
    </t>

</templates>
