id,name,model_id:id,group_id:id,perm_read,perm_write,perm_create,perm_unlink
access_account_account_salesman_readonly,account_account salesman readonly,account.model_account_account,mceasy_erp.group_sale_readonly,1,0,0,0
access_account_analytic_account_salesman_readonly,account_analytic_account salesman readonly,analytic.model_account_analytic_account,mceasy_erp.group_sale_readonly,1,0,0,0
access_account_account_tag_sale_salesman_readonly,account.account.tag.sale.salesman.readonly,account.model_account_account_tag,mceasy_erp.group_sale_readonly,1,0,0,0
access_account_move_send_salesman_readonly,access.account.move.send.salesman.readonly,account.model_account_move_send,mceasy_erp.group_sale_readonly,1,0,0,0
access_sale_account_journal_readonly,account.journal sale order readonly.user,account.model_account_journal,mceasy_erp.group_sale_readonly,1,0,0,0
access_account_move_salesman_readonly,account_move salesman readonly,account.model_account_move,mceasy_erp.group_sale_readonly,1,0,0,0
access_account_move_line_salesman_readonly,account_move_line salesman readonly,account.model_account_move_line,mceasy_erp.group_sale_readonly,1,0,0,0
access_account_partial_reconcile_salesman_readonly,account_partial_reconcile salesman readonly,account.model_account_partial_reconcile,mceasy_erp.group_sale_readonly,1,0,0,0
access_account_payment_term_salesman_readonly,account_payment_term salesman readonly,account.model_account_payment_term,mceasy_erp.group_sale_readonly,1,0,0,0
access_account_tax_user_readonly,account.tax.user.readonly,account.model_account_tax,mceasy_erp.group_sale_readonly,1,0,0,0
access_account_tax_group_sale_manager_readonly,account.tax.group sale manager readonly,account.model_account_tax_group,mceasy_erp.group_sale_readonly,1,0,0,0
access_res_partner_sale_user_readonly,res.partner.sale.user.readonly,base.model_res_partner,mceasy_erp.group_sale_readonly,1,0,0,0
access_product_pricelist_sale_user_readonly,product.pricelist.sale.user.readonly,product.model_product_pricelist,mceasy_erp.group_sale_readonly,1,0,0,0
access_product_product_attribute_custom_value_sale_user_readonly,product.attribute.custom value salesman readonly,product.model_product_attribute_custom_value,mceasy_erp.group_sale_readonly,1,0,0,0
access_product_supplierinfo_user_readonly,product.supplierinfo.user.readonly,product.model_product_supplierinfo,mceasy_erp.group_sale_readonly,1,0,0,0
access_product_product_sale_user_readonly,product.product sale use readonly,product.model_product_product,mceasy_erp.group_sale_readonly,1,0,0,0
access_product_template_sale_user_readonly,product.template sale use readonly,product.model_product_template,mceasy_erp.group_sale_readonly,1,0,0,0
access_uom_uom_user_readonly,uom.uom.user.readonly,uom.model_uom_uom,mceasy_erp.group_sale_readonly,1,0,0,0
access_sale_order_readonly,sale.order.readonly,model_sale_order,mceasy_erp.group_sale_readonly,1,0,0,0
access_sale_order_line_readonly,sale.order.line.readonly,model_sale_order_line,mceasy_erp.group_sale_readonly,1,0,0,0
access_sale_report_salesman_readonly,sale.report.readonly,sale.model_sale_report,mceasy_erp.group_sale_readonly,1,0,0,0
access_payment_link_wizard_sale_readonly,access.payment.link.wizard.sale.readonly,payment.model_payment_link_wizard,mceasy_erp.group_sale_readonly,1,0,0,0
access_sale_advance_payment_inv_readonly,access.sale.advance.payment.inv.readonly,sale.model_sale_advance_payment_inv,mceasy_erp.group_sale_readonly,1,0,0,0
access_sale_order_cancel_readonly,access.sale.order.cancel.readonly,sale.model_sale_order_cancel,mceasy_erp.group_sale_readonly,1,0,0,0
access_sale_mass_cancel_orders_readonly,access.sale.mass.cancel.orders.readonly,sale.model_sale_mass_cancel_orders,mceasy_erp.group_sale_readonly,1,0,0,0
access_sale_order_discount_readonly,access_sale_order_discount.readonly,sale.model_sale_order_discount,mceasy_erp.group_sale_readonly,1,0,0,0
access_sale_order_template_readonly,sale.order.template.readonly,sale_management.model_sale_order_template,mceasy_erp.group_sale_readonly,1,0,0,0
access_sale_order_template_line_readonly,sale.order.template.line.readonly,sale_management.model_sale_order_template_line,mceasy_erp.group_sale_readonly,1,0,0,0
access_sale_order_template_option_readonly,sale.order.template.option.readonly,sale_management.model_sale_order_template_option,mceasy_erp.group_sale_readonly,1,0,0,0
access_sale_order_option_readonly,sale.order.option.readonly,sale_management.model_sale_order_option,mceasy_erp.group_sale_readonly,1,0,0,0
access_stock_picking_salesman_readonly,stock_picking salesman readonly,stock.model_stock_picking,mceasy_erp.group_sale_readonly,1,0,0,0
access_stock_move_salesman_readonly,stock_move salesman readonly,stock.model_stock_move,mceasy_erp.group_sale_readonly,1,0,0,0
access_product_packaging_user_readonly,product.packaging.user.readonly,product.model_product_packaging,mceasy_erp.group_sale_readonly,1,0,0,0
access_stock_warehouse_user_readonly,stock.warehouse.user.readonly,stock.model_stock_warehouse,mceasy_erp.group_sale_readonly,1,0,0,0
access_stock_location_user_readonly,stock.location.user.readonly,stock.model_stock_location,mceasy_erp.group_sale_readonly,1,0,0,0
access_stock_warehouse_orderpoint_sale_salesman_readonly,stock.warehouse.orderpoint.readonly,stock.model_stock_warehouse_orderpoint,mceasy_erp.group_sale_readonly,1,0,0,0
access_stock_rule_readonly,stock.rule.flow.readonly,stock.model_stock_rule,mceasy_erp.group_sale_readonly,1,0,0,0
access_stock_package_type_salesman_readonly,stock_package_type salesman readonly,stock.model_stock_package_type,mceasy_erp.group_sale_readonly,1,0,0,0
access_crm_team_user_readonly,crm.team.user.readonly,sales_team.model_crm_team,mceasy_erp.group_sale_readonly,1,0,0,0
access_crm_tag_salesman_readonly,crm_tag salesman readonly,sales_team.model_crm_tag,mceasy_erp.group_sale_readonly,1,0,0,0

access_sale_promotion_readonly,access.sale.promotion.readonly,mceasy_erp.model_sale_promotion,mceasy_erp.group_sale_readonly,1,0,0,0
access_sale_promotion_product_readonly,access.sale.promotion.product.readonly,mceasy_erp.model_sale_promotion_product,mceasy_erp.group_sale_readonly,1,0,0,0
access_sale_promotion_deduction_account_readonly,access.sale.promotion.deduction.account.readonly,mceasy_erp.model_sale_promotion_deduction_account,mceasy_erp.group_sale_readonly,1,0,0,0
access_sale_promotion_product_deduction_account_readonly,access.sale.promotion.product.deduction.account.readonly,mceasy_erp.model_sale_promotion_product_deduction_account,mceasy_erp.group_sale_readonly,1,0,0,0
access_sale_quotation_readonly,access.sale.quotation.readonly,mceasy_erp.model_sale_quotation,mceasy_erp.group_sale_readonly,1,0,0,0
access_sale_quotation_line_readonly,access.sale.quotation.line.readonly,mceasy_erp.model_sale_quotation_line,mceasy_erp.group_sale_readonly,1,0,0,0
access_sale_quotation_promotion_line_readonly,access.sale.quotation.promotion.line.readonly,mceasy_erp.model_sale_quotation_promotion_line,mceasy_erp.group_sale_readonly,1,0,0,0
access_sale_quotation_line_deduction_readonly,access.sale.quotation.line.deduction.readonly,mceasy_erp.model_sale_quotation_line_deduction,mceasy_erp.group_sale_readonly,1,0,0,0
access_sale_contract_readonly,access.sale.contract.readonly,mceasy_erp.model_sale_contract,mceasy_erp.group_sale_readonly,1,0,0,0
access_sale_contract_period_readonly,access.sale.contract.period.readonly,mceasy_erp.model_sale_contract_period,mceasy_erp.group_sale_readonly,1,0,0,0
access_sale_contract_entity_asset_readonly,access.sale.contract.entity.asset.readonly,mceasy_erp.model_sale_contract_entity_asset,mceasy_erp.group_sale_readonly,1,0,0,0
access_sale_contract_reserved_product_readonly,access.sale.contract.reserved.product.readonly,mceasy_erp.model_sale_contract_reserved_product,mceasy_erp.group_sale_readonly,1,0,0,0
access_sale_contract_reserved_summary_readonly,access.sale.contract.reserved.summary.readonly,mceasy_erp.model_sale_contract_reserved_summary,mceasy_erp.group_sale_readonly,1,0,0,0
access_sale_product_contract_readonly,access.sale.product.contract.readonly,mceasy_erp.model_sale_product_contract,mceasy_erp.group_sale_readonly,1,0,0,0
access_sale_product_contract_activity_readonly,access.sale.product.contract.activity.readonly,mceasy_erp.model_sale_product_contract_activity,mceasy_erp.group_sale_readonly,1,0,0,0
access_sale_quotation_contribution_readonly,access.sale.quotation.contribution.readonly,mceasy_erp.model_sale_quotation_contribution,mceasy_erp.group_sale_readonly,1,0,0,0
access_crm_category_salesman_readonly,crm_category salesman readonly,mceasy_erp.model_crm_category,mceasy_erp.group_sale_readonly,1,0,0,0
access_subscription_salesman_readonly,access.subscription.salesman.readonly,mceasy_erp.model_subscription,mceasy_erp.group_sale_readonly,1,0,0,0
access_subscription_plan_salesman_readonly,access.subscription.plan.salesman.readonly,mceasy_erp.model_subscription_plan,mceasy_erp.group_sale_readonly,1,0,0,0
access_subscription_line_salesman_readonly,access.subscription.line.salesman.readonly,mceasy_erp.model_subscription_line,mceasy_erp.group_sale_readonly,1,0,0,0
access_subscription_line_history_salesman_readonly,access.subscription.line.history.salesman.readonly,mceasy_erp.model_subscription_account_move_line_detail,mceasy_erp.group_sale_readonly,1,0,0,0
access_work_order_salesman_readonly,access.work.order.salesman.readonly,mceasy_erp.model_work_order,mceasy_erp.group_sale_readonly,1,0,0,0
access_work_order_line_salesman_readonly,access.work.order.line.salesman.readonly,mceasy_erp.model_work_order_line,mceasy_erp.group_sale_readonly,1,0,0,0
access_sale_outstanding_work_order_salesman_readonly,access.sale.outstanding.work.order.salesman.readonly,mceasy_erp.model_outstanding_work_order,mceasy_erp.group_sale_readonly,1,0,0,0

access_sale_ir_model_fields,access.sale.ir.model_fields,base.model_ir_model_fields,sales_team.group_sale_salesman,1,0,0,0
access_sale_promotion,access.sale.promotion,mceasy_erp.model_sale_promotion,sales_team.group_sale_salesman,1,0,0,0
access_sale_promotion_product,access.sale.promotion.product,mceasy_erp.model_sale_promotion_product,sales_team.group_sale_salesman,1,0,0,0
access_sale_promotion_deduction_account,access.sale.promotion.deduction.account,mceasy_erp.model_sale_promotion_deduction_account,sales_team.group_sale_salesman,1,0,0,0
access_sale_promotion_product_deduction_account,access.sale.promotion.product.deduction.account,mceasy_erp.model_sale_promotion_product_deduction_account,sales_team.group_sale_salesman,1,0,0,0
access_sale_quotation,access.sale.quotation,mceasy_erp.model_sale_quotation,sales_team.group_sale_salesman,1,1,1,1
access_sale_quotation_line,access.sale.quotation.line,mceasy_erp.model_sale_quotation_line,sales_team.group_sale_salesman,1,1,1,1
access_sale_quotation_promotion_line,access.sale.quotation.promotion.line,mceasy_erp.model_sale_quotation_promotion_line,sales_team.group_sale_salesman,1,1,1,1
access_sale_quotation_line_deduction,access.sale.quotation.line.deduction,mceasy_erp.model_sale_quotation_line_deduction,sales_team.group_sale_salesman,1,1,1,1
access_sale_contract,access.sale.contract,mceasy_erp.model_sale_contract,sales_team.group_sale_salesman,1,1,1,0
access_sale_contract_period,access.sale.contract.period,mceasy_erp.model_sale_contract_period,sales_team.group_sale_salesman,1,0,0,0
access_sale_contract_entity_asset,access.sale.contract.entity.asset,mceasy_erp.model_sale_contract_entity_asset,sales_team.group_sale_salesman,1,1,1,0
access_sale_contract_reserved_product,access.sale.contract.reserved.product,mceasy_erp.model_sale_contract_reserved_product,sales_team.group_sale_salesman,1,1,1,1
access_sale_contract_reserved_summary,access.sale.contract.reserved.summary,mceasy_erp.model_sale_contract_reserved_summary,sales_team.group_sale_salesman,1,1,1,1
access_sale_product_contract,access.sale.product.contract,mceasy_erp.model_sale_product_contract,sales_team.group_sale_salesman,1,1,1,1
access_sale_product_contract_activity,access.sale.product.contract.activity,mceasy_erp.model_sale_product_contract_activity,sales_team.group_sale_salesman,1,1,1,1
access_sale_quotation_contribution,access.sale.quotation.contribution,mceasy_erp.model_sale_quotation_contribution,sales_team.group_sale_salesman,1,1,1,1
access_crm_category_salesman,crm_category salesman,mceasy_erp.model_crm_category,sales_team.group_sale_salesman,1,0,0,0
access_subscription_salesman,access.subscription.salesman,mceasy_erp.model_subscription,sales_team.group_sale_salesman,1,1,1,1
access_subscription_plan_salesman,access.subscription.plan.salesman,mceasy_erp.model_subscription_plan,sales_team.group_sale_salesman,1,0,0,0
access_subscription_line_salesman,access.subscription.line.salesman,mceasy_erp.model_subscription_line,sales_team.group_sale_salesman,1,0,0,0
access_subscription_line_history_salesman,access.subscription.line.history.salesman,mceasy_erp.model_subscription_account_move_line_detail,sales_team.group_sale_salesman,1,0,0,0
access_work_order_salesman,access.work.order.salesman,mceasy_erp.model_work_order,sales_team.group_sale_salesman,1,0,0,0
access_work_order_line_salesman,access.work.order.line.salesman,mceasy_erp.model_work_order_line,sales_team.group_sale_salesman,1,0,0,0
access_sale_outstanding_work_order_salesman,access.sale.outstanding.work.order.salesman,mceasy_erp.model_outstanding_work_order,sales_team.group_sale_salesman,1,1,1,1
access_sale_outstanding_work_order_account_billing,access.sale.outstanding.work.order.account.billing,mceasy_erp.model_outstanding_work_order,account.group_account_invoice,1,1,1,1

access_sale_promotion_admin,access.sale.promotion.admin,mceasy_erp.model_sale_promotion,sales_team.group_sale_salesman_all_leads,1,1,1,1
access_sale_promotion_product_admin,access.sale.promotion.product.admin,mceasy_erp.model_sale_promotion_product,sales_team.group_sale_salesman_all_leads,1,1,1,1
access_sale_promotion_deduction_account_admin,access.sale.promotion.deduction.account.admin,mceasy_erp.model_sale_promotion_deduction_account,sales_team.group_sale_salesman_all_leads,1,1,1,1
access_sale_promotion_product_deduction_account_admin,access.sale.promotion.product.deduction.account.admin,mceasy_erp.model_sale_promotion_product_deduction_account,sales_team.group_sale_salesman_all_leads,1,1,1,1
access_sale_quotation_admin,access.sale.quotation.admin,mceasy_erp.model_sale_quotation,sales_team.group_sale_salesman_all_leads,1,1,1,1
access_sale_quotation_line_admin,access.sale.quotation.line.admin,mceasy_erp.model_sale_quotation_line,sales_team.group_sale_salesman_all_leads,1,1,1,1
access_sale_quotation_promotion_line_admin,access.sale.quotation.promotion.line.admin,mceasy_erp.model_sale_quotation_promotion_line,sales_team.group_sale_salesman_all_leads,1,1,1,1
access_sale_quotation_line_deduction_admin,access.sale.quotation.line.deduction.admin,mceasy_erp.model_sale_quotation_line_deduction,sales_team.group_sale_salesman_all_leads,1,1,1,1
access_sale_contract_admin,access.sale.contract.admin,mceasy_erp.model_sale_contract,sales_team.group_sale_salesman_all_leads,1,1,1,1
access_sale_contract_period_admin,access.sale.contract.period.admin,mceasy_erp.model_sale_contract_period,sales_team.group_sale_salesman_all_leads,1,1,1,1
access_sale_contract_entity_asset_admin,access.sale.contract.entity.asset.admin,mceasy_erp.model_sale_contract_entity_asset,sales_team.group_sale_salesman_all_leads,1,1,1,1
access_sale_contract_reserved_product_admin,access.sale.contract.reserved.product.admin,mceasy_erp.model_sale_contract_reserved_product,sales_team.group_sale_salesman_all_leads,1,1,1,1
access_sale_contract_reserved_summary_admin,access.sale.contract.reserved.summary.admin,mceasy_erp.model_sale_contract_reserved_summary,sales_team.group_sale_salesman_all_leads,1,1,1,1
access_sale_product_contract_admin,access.sale.product.contract.admin,mceasy_erp.model_sale_product_contract,sales_team.group_sale_salesman_all_leads,1,1,1,1
access_sale_product_contract_activity_admin,access.sale.product.contract.activity.admin,mceasy_erp.model_sale_product_contract_activity,sales_team.group_sale_salesman_all_leads,1,1,1,1
access_sale_quotation_contribution_admin,access.sale.quotation.contribution.admin,mceasy_erp.model_sale_quotation_contribution,sales_team.group_sale_salesman_all_leads,1,1,1,1

access_crm_category_leader,crm_category leader,mceasy_erp.model_crm_category,sales_team.group_sale_salesman_all_leads,1,1,1,1

access_res_partner_sale_user_salesman,res.partner.sale.user.salesman,base.model_res_partner,sales_team.group_sale_salesman,1,1,1,0