<?xml version="1.0" encoding="utf-8"?>
<odoo>
    <record id="group_sale_readonly" model="res.groups">
        <field name="name">User: Read-only</field>
        <field name="category_id" ref="base.module_category_sales_sales"/>
        <field name="implied_ids" eval="[(4, ref('base.group_user'))]"/>
    </record>
    <record id="sales_team.group_sale_salesman" model="res.groups">
        <field name="implied_ids" eval="[Command.clear(), Command.link(ref('group_sale_readonly'))]"/>
    </record>
    <record model="ir.rule" id="sale_quotation_restricted_company_rule">
        <field name="name">Restricted Sale Quotation: multi-company</field>
        <field name="model_id" ref="model_sale_quotation"/>
        <field name="global" eval="True"/>
        <field name="domain_force">
            [('company_id', 'in', company_ids)]
        </field>
    </record>
    <record model="ir.rule" id="sale_contract_restricted_company_rule">
        <field name="name">Restricted Sale Contract: multi-company</field>
        <field name="model_id" ref="model_sale_contract"/>
        <field name="global" eval="True"/>
        <field name="domain_force">
            [('company_id', 'in', company_ids)]
        </field>
    </record>

    <record id="sale_quotation_personal_rule" model="ir.rule">
        <field name="name">Personal Quotations</field>
        <field ref="model_sale_quotation" name="model_id"/>
        <field name="domain_force">[('contributions.sales','=',user.id)]</field>
        <field name="groups" eval="[(4, ref('sales_team.group_sale_salesman'))]"/>
    </record>

    <record id="sale_contract_personal_rule" model="ir.rule">
        <field name="name">Personal Contracts</field>
        <field ref="model_sale_contract" name="model_id"/>
        <field name="domain_force">[('quotations.contributions.sales','=',user.id)]</field>
        <field name="groups" eval="[(4, ref('sales_team.group_sale_salesman'))]"/>
    </record>

    <record id="sale_quotation_all" model="ir.rule">
        <field name="name">All Quotations</field>
        <field ref="model_sale_quotation" name="model_id"/>
        <field name="domain_force">[(1, '=', 1)]</field>
        <field name="groups" eval="[(4, ref('sales_team.group_sale_salesman_all_leads'))]"/>
    </record>

    <record id="sale_contract_all" model="ir.rule">
        <field name="name">All Contracts</field>
        <field ref="model_sale_contract" name="model_id"/>
        <field name="domain_force">[(1, '=', 1)]</field>
        <field name="groups" eval="[(4, ref('sales_team.group_sale_salesman_all_leads'))]"/>
    </record>

    <record id="sales_team.group_sale_salesman_all_leads" model="res.groups">
        <field name="name">User: Sales Admin</field>
    </record>
</odoo>