<?xml version="1.0" encoding="utf-8"?>
<odoo noupdate="1">
    <record id="product_component_type_gps" model="product.component">
        <field name="name">GPS</field>
        <field name="fulfill_quantity">True</field>
    </record>
    <record id="product_component_type_sim" model="product.component">
        <field name="name">SIM</field>
        <field name="fulfill_quantity">True</field>
    </record>
    <record id="product_component_type_relay" model="product.component">
        <field name="name">Relay</field>
        <field name="fulfill_quantity">True</field>
    </record>
    <record id="product_component_type_ble" model="product.component">
        <field name="name">BLE</field>
        <field name="fulfill_quantity">True</field>
    </record>
    <record id="product_component_type_ifuel" model="product.component">
        <field name="name">iFuel</field>
        <field name="fulfill_quantity">True</field>
    </record>
    <record id="ifuel_1" model="product.component.placement">
        <field name="product_component_id" ref="product_component_type_ifuel"/>
        <field name="name">Fuel Level</field>
        <field name="external_code">10</field>
    </record>
    <record id="product_component_type_ifuel_stick" model="product.component">
        <field name="name">iFuel Stick</field>
        <field name="fulfill_quantity">True</field>
    </record>
    <record id="lls_ifuel_stick_1" model="product.component.placement">
        <field name="product_component_id" ref="product_component_type_ifuel_stick"/>
        <field name="name">LLS Fuel Stick 1</field>
        <field name="external_code">50</field>
    </record>
    <record id="lls_ifuel_stick_2" model="product.component.placement">
        <field name="product_component_id" ref="product_component_type_ifuel_stick"/>
        <field name="name">LLS Fuel Stick 2</field>
        <field name="external_code">51</field>
    </record>
    <record id="lls_ifuel_stick_3" model="product.component.placement">
        <field name="product_component_id" ref="product_component_type_ifuel_stick"/>
        <field name="name">LLS Fuel Stick 3</field>
        <field name="external_code">52</field>
    </record>
    <record id="lls_ifuel_stick_4" model="product.component.placement">
        <field name="product_component_id" ref="product_component_type_ifuel_stick"/>
        <field name="name">LLS Fuel Stick 4</field>
        <field name="external_code">53</field>
    </record>
    <record id="product_component_type_idoor" model="product.component">
        <field name="name">iDoor</field>
        <field name="fulfill_quantity">True</field>
    </record>
    <record id="product_component_type_ibuzzer" model="product.component">
        <field name="name">iBuzzer</field>
        <field name="fulfill_quantity">True</field>
    </record>
    <record id="idoor_1" model="product.component.placement">
        <field name="product_component_id" ref="product_component_type_idoor"/>
        <field name="name">Door 1</field>
        <field name="external_code">4</field>
    </record>
    <record id="idoor_2" model="product.component.placement">
        <field name="product_component_id" ref="product_component_type_idoor"/>
        <field name="name">Door 2</field>
        <field name="external_code">5</field>
    </record>
    <record id="product_component_type_itemp" model="product.component">
        <field name="name">iTemp</field>
        <field name="fulfill_quantity">True</field>
    </record>
    <record id="itemp_1" model="product.component.placement">
        <field name="product_component_id" ref="product_component_type_itemp"/>
        <field name="name">Engine Temperature</field>
        <field name="external_code">12</field>
    </record>
    <record id="itemp_2" model="product.component.placement">
        <field name="product_component_id" ref="product_component_type_itemp"/>
        <field name="name">Refrigerator Temperature</field>
        <field name="external_code">11</field>
    </record>
    <record id="itemp_3" model="product.component.placement">
        <field name="product_component_id" ref="product_component_type_itemp"/>
        <field name="name">Temperature 3</field>
        <field name="external_code">36</field>
    </record>
    <record id="product_component_type_icall" model="product.component">
        <field name="name">iCall</field>
        <field name="fulfill_quantity">True</field>
    </record>
    <record id="product_component_type_ibutton" model="product.component">
        <field name="name">iButton</field>
        <field name="fulfill_quantity">True</field>
    </record>
    <record id="product_component_type_external_storage" model="product.component">
        <field name="name">External Storage</field>
        <field name="fulfill_quantity">True</field>
    </record>
    <record id="product_component_type_other" model="product.component">
        <field name="name">Other (BOM)</field>
        <field name="fulfill_quantity">False</field>
    </record>
</odoo>