<?xml version="1.0" encoding="utf-8"?>
<odoo noupdate="1">
    <record id="product_operation_hardware_software_rental" model="product.operation.template">
        <field name="name">Hardware &amp; Software Rental</field>
    </record>
    <record id="sale_hw_sw_rental_install" model="product.operation.template.line">
        <field name="operation_template_id" ref="product_operation_hardware_software_rental"/>
        <field name="sequence" eval="0"/>
        <field name="type">sale</field>
        <field name="work_order_type">install</field>
        <field name="scope">product_unit</field>
        <field name="for_billing_action" eval="True"/>
    </record>
    <record id="sale_hw_sw_rental_implementation" model="product.operation.template.line">
        <field name="operation_template_id" ref="product_operation_hardware_software_rental"/>
        <field name="sequence" eval="1"/>
        <field name="type">sale</field>
        <field name="work_order_type">implementation</field>
        <field name="scope">product_contract</field>
        <field name="for_billing_action" eval="False"/>
    </record>
    <record id="sale_hw_sw_rental_implementation_0" model="product.operation.template.line.activity">
        <field name="operation_template_line_id" ref="sale_hw_sw_rental_implementation"/>
        <field name="sequence" eval="0"/>
        <field name="name">Melaksanakan Kick Off Meeting dengan Customer</field>
        <field name="for_billing_action" eval="False"/>
    </record>
    <record id="sale_hw_sw_rental_implementation_1" model="product.operation.template.line.activity">
        <field name="operation_template_line_id" ref="sale_hw_sw_rental_implementation"/>
        <field name="sequence" eval="1"/>
        <field name="name">Melakukan Set Up Master Data Customer berdasarkan template yang ada</field>
        <field name="for_billing_action" eval="False"/>
    </record>
    <record id="sale_hw_sw_rental_implementation_2" model="product.operation.template.line.activity">
        <field name="operation_template_line_id" ref="sale_hw_sw_rental_implementation"/>
        <field name="sequence" eval="2"/>
        <field name="name">Melakukan Upload Master Data</field>
        <field name="for_billing_action" eval="False"/>
    </record>
    <record id="sale_hw_sw_rental_implementation_3" model="product.operation.template.line.activity">
        <field name="operation_template_line_id" ref="sale_hw_sw_rental_implementation"/>
        <field name="sequence" eval="3"/>
        <field name="name">Melakukan Training Session dengan Customer</field>
        <field name="for_billing_action" eval="False"/>
    </record>
    <record id="sale_hw_sw_rental_implementation_4" model="product.operation.template.line.activity">
        <field name="operation_template_line_id" ref="sale_hw_sw_rental_implementation"/>
        <field name="sequence" eval="4"/>
        <field name="name">Customer telah memberikan Feedback mengenai product saat trial product</field>
        <field name="for_billing_action" eval="False"/>
    </record>
    <record id="churn_hw_sw_rental_deactivation" model="product.operation.template.line">
        <field name="operation_template_id" ref="product_operation_hardware_software_rental"/>
        <field name="sequence" eval="0"/>
        <field name="type">churn</field>
        <field name="work_order_type">deactivation</field>
        <field name="scope">product_unit</field>
        <field name="for_billing_action" eval="True"/>
    </record>
    <record id="churn_hw_sw_rental_uninstall" model="product.operation.template.line">
        <field name="operation_template_id" ref="product_operation_hardware_software_rental"/>
        <field name="sequence" eval="1"/>
        <field name="type">churn</field>
        <field name="work_order_type">uninstall</field>
        <field name="scope">product_unit</field>
        <field name="for_billing_action" eval="False"/>
    </record>
    <record id="maintenance_hw_sw_rental" model="product.operation.template.line">
        <field name="operation_template_id" ref="product_operation_hardware_software_rental"/>
        <field name="sequence" eval="1"/>
        <field name="type">maintenance</field>
        <field name="work_order_type">maintenance</field>
        <field name="scope">product_unit</field>
        <field name="for_billing_action" eval="False"/>
    </record>
    <record id="move_hw_sw_rental" model="product.operation.template.line">
        <field name="operation_template_id" ref="product_operation_hardware_software_rental"/>
        <field name="sequence" eval="1"/>
        <field name="type">move</field>
        <field name="work_order_type">move</field>
        <field name="scope">product_unit</field>
        <field name="for_billing_action" eval="False"/>
    </record>

    <record id="product_operation_hardware_rental" model="product.operation.template">
        <field name="name">Hardware Rental</field>
    </record>
    <record id="sale_hw_rental_install" model="product.operation.template.line">
        <field name="operation_template_id" ref="product_operation_hardware_rental"/>
        <field name="sequence" eval="0"/>
        <field name="type">sale</field>
        <field name="work_order_type">install</field>
        <field name="scope">product_unit</field>
        <field name="for_billing_action" eval="True"/>
    </record>
    <record id="churn_hw_rental_deactivation" model="product.operation.template.line">
        <field name="operation_template_id" ref="product_operation_hardware_rental"/>
        <field name="sequence" eval="0"/>
        <field name="type">churn</field>
        <field name="work_order_type">deactivation</field>
        <field name="scope">product_unit</field>
        <field name="for_billing_action" eval="True"/>
    </record>
    <record id="churn_hw_rental_uninstall" model="product.operation.template.line">
        <field name="operation_template_id" ref="product_operation_hardware_rental"/>
        <field name="sequence" eval="1"/>
        <field name="type">churn</field>
        <field name="work_order_type">uninstall</field>
        <field name="scope">product_unit</field>
        <field name="for_billing_action" eval="False"/>
    </record>
    <record id="maintenance_hw_rental" model="product.operation.template.line">
        <field name="operation_template_id" ref="product_operation_hardware_rental"/>
        <field name="sequence" eval="1"/>
        <field name="type">maintenance</field>
        <field name="work_order_type">maintenance</field>
        <field name="scope">product_unit</field>
        <field name="for_billing_action" eval="False"/>
    </record>
    <record id="move_hw_rental" model="product.operation.template.line">
        <field name="operation_template_id" ref="product_operation_hardware_rental"/>
        <field name="sequence" eval="1"/>
        <field name="type">move</field>
        <field name="work_order_type">move</field>
        <field name="scope">product_unit</field>
        <field name="for_billing_action" eval="False"/>
    </record>

    <record id="product_operation_service_install" model="product.operation.template">
        <field name="name">Service Install Operation</field>
    </record>
    <record id="sale_service_install" model="product.operation.template.line">
        <field name="operation_template_id" ref="product_operation_service_install"/>
        <field name="sequence" eval="0"/>
        <field name="type">sale</field>
        <field name="work_order_type">install</field>
        <field name="scope">product_unit</field>
        <field name="for_billing_action" eval="True"/>
    </record>

    <record id="product_operation_service_delivery" model="product.operation.template">
        <field name="name">Service Delivery Operation</field>
    </record>
    <record id="sale_service_delivery" model="product.operation.template.line">
        <field name="operation_template_id" ref="product_operation_service_delivery"/>
        <field name="sequence" eval="0"/>
        <field name="type">sale</field>
        <field name="work_order_type">delivery</field>
        <field name="scope">product_unit</field>
        <field name="for_billing_action" eval="True"/>
    </record>

    <record id="product_operation_service_migrate" model="product.operation.template">
        <field name="name">Service Migration Operation</field>
    </record>
    <record id="sale_service_migrate" model="product.operation.template.line">
        <field name="operation_template_id" ref="product_operation_service_migrate"/>
        <field name="sequence" eval="0"/>
        <field name="type">sale</field>
        <field name="work_order_type">migrate</field>
        <field name="scope">product_unit</field>
        <field name="for_billing_action" eval="True"/>
    </record>


    <record id="product_operation_sofware_rental_addons" model="product.operation.template">
        <field name="name">Software Rental</field>
    </record>
    <record id="sale_sw_rental_install" model="product.operation.template.line">
        <field name="operation_template_id" ref="product_operation_sofware_rental_addons"/>
        <field name="sequence" eval="0"/>
        <field name="type">sale</field>
        <field name="work_order_type">activation</field>
        <field name="scope">product_unit</field>
        <field name="for_billing_action" eval="False"/>
    </record>
    <record id="sale_sw_rental_implementation" model="product.operation.template.line">
        <field name="operation_template_id" ref="product_operation_sofware_rental_addons"/>
        <field name="sequence" eval="1"/>
        <field name="type">sale</field>
        <field name="work_order_type">implementation</field>
        <field name="scope">product_contract</field>
        <field name="for_billing_action" eval="False"/>
    </record>
    <record id="sale_sw_rental_implementation_0" model="product.operation.template.line.activity">
        <field name="operation_template_line_id" ref="sale_sw_rental_implementation"/>
        <field name="sequence" eval="0"/>
        <field name="name">Melaksanakan Kick Off Meeting dengan Customer</field>
        <field name="for_billing_action" eval="False"/>
    </record>
    <record id="sale_sw_rental_implementation_1" model="product.operation.template.line.activity">
        <field name="operation_template_line_id" ref="sale_sw_rental_implementation"/>
        <field name="sequence" eval="1"/>
        <field name="name">Melakukan Set Up Master Data Customer berdasarkan template yang ada</field>
        <field name="for_billing_action" eval="False"/>
    </record>
    <record id="sale_sw_rental_implementation_2" model="product.operation.template.line.activity">
        <field name="operation_template_line_id" ref="sale_sw_rental_implementation"/>
        <field name="sequence" eval="2"/>
        <field name="name">Melakukan Upload Master Data</field>
        <field name="for_billing_action" eval="False"/>
    </record>
    <record id="sale_sw_rental_implementation_3" model="product.operation.template.line.activity">
        <field name="operation_template_line_id" ref="sale_sw_rental_implementation"/>
        <field name="sequence" eval="3"/>
        <field name="name">Melakukan Training Session dengan Customer</field>
        <field name="for_billing_action" eval="False"/>
    </record>
    <record id="sale_sw_rental_implementation_4" model="product.operation.template.line.activity">
        <field name="operation_template_line_id" ref="sale_sw_rental_implementation"/>
        <field name="sequence" eval="4"/>
        <field name="name">Customer telah memberikan Feedback mengenai product saat trial product</field>
        <field name="for_billing_action" eval="True"/>
    </record>
    <record id="churn_sw_rental_deactivation" model="product.operation.template.line">
        <field name="operation_template_id" ref="product_operation_sofware_rental_addons"/>
        <field name="sequence" eval="0"/>
        <field name="type">churn</field>
        <field name="work_order_type">deactivation</field>
        <field name="scope">product_unit</field>
        <field name="for_billing_action" eval="True"/>
    </record>
    <record id="move_sw_rental" model="product.operation.template.line">
        <field name="operation_template_id" ref="product_operation_sofware_rental_addons"/>
        <field name="sequence" eval="1"/>
        <field name="type">move</field>
        <field name="work_order_type">move</field>
        <field name="scope">product_unit</field>
        <field name="for_billing_action" eval="False"/>
    </record>
    <record id="maintenance_sw_rental" model="product.operation.template.line">
        <field name="operation_template_id" ref="product_operation_sofware_rental_addons"/>
        <field name="sequence" eval="1"/>
        <field name="type">maintenance</field>
        <field name="work_order_type">maintenance</field>
        <field name="scope">product_unit</field>
        <field name="for_billing_action" eval="False"/>
    </record>

    <record id="product_operation_sofware_rental_usage" model="product.operation.template">
        <field name="name">Software Rental Usage</field>
    </record>
    <record id="sale_sw_rental_usage_install" model="product.operation.template.line">
        <field name="operation_template_id" ref="product_operation_sofware_rental_usage"/>
        <field name="sequence" eval="0"/>
        <field name="type">sale</field>
        <field name="work_order_type">activation</field>
        <field name="scope">product_usage</field>
        <field name="for_billing_action" eval="False"/>
    </record>
    <record id="sale_sw_rental_usage_implementation" model="product.operation.template.line">
        <field name="operation_template_id" ref="product_operation_sofware_rental_usage"/>
        <field name="sequence" eval="1"/>
        <field name="type">sale</field>
        <field name="work_order_type">implementation</field>
        <field name="scope">product_contract</field>
        <field name="for_billing_action" eval="False"/>
    </record>
    <record id="sale_sw_rental_usage_implementation_0" model="product.operation.template.line.activity">
        <field name="operation_template_line_id" ref="sale_sw_rental_usage_implementation"/>
        <field name="sequence" eval="0"/>
        <field name="name">Melaksanakan Kick Off Meeting dengan Customer</field>
        <field name="for_billing_action" eval="False"/>
    </record>
    <record id="sale_sw_rental_usage_implementation_1" model="product.operation.template.line.activity">
        <field name="operation_template_line_id" ref="sale_sw_rental_usage_implementation"/>
        <field name="sequence" eval="1"/>
        <field name="name">Melakukan Set Up Master Data Customer berdasarkan template yang ada</field>
        <field name="for_billing_action" eval="False"/>
    </record>
    <record id="sale_sw_rental_usage_implementation_2" model="product.operation.template.line.activity">
        <field name="operation_template_line_id" ref="sale_sw_rental_usage_implementation"/>
        <field name="sequence" eval="2"/>
        <field name="name">Melakukan Upload Master Data</field>
        <field name="for_billing_action" eval="False"/>
    </record>
    <record id="sale_sw_rental_usage_implementation_3" model="product.operation.template.line.activity">
        <field name="operation_template_line_id" ref="sale_sw_rental_usage_implementation"/>
        <field name="sequence" eval="3"/>
        <field name="name">Melakukan Training Session dengan Customer</field>
        <field name="for_billing_action" eval="False"/>
    </record>
    <record id="sale_sw_rental_usage_implementation_4" model="product.operation.template.line.activity">
        <field name="operation_template_line_id" ref="sale_sw_rental_usage_implementation"/>
        <field name="sequence" eval="4"/>
        <field name="name">Customer telah memberikan Feedback mengenai product saat trial product</field>
        <field name="for_billing_action" eval="True"/>
    </record>
    <record id="churn_sw_rental_usage_deactivation" model="product.operation.template.line">
        <field name="operation_template_id" ref="product_operation_sofware_rental_usage"/>
        <field name="sequence" eval="0"/>
        <field name="type">churn</field>
        <field name="work_order_type">deactivation</field>
        <field name="scope">product_usage</field>
        <field name="for_billing_action" eval="True"/>
    </record>
    <record id="move_sw_rental_usage" model="product.operation.template.line">
        <field name="operation_template_id" ref="product_operation_sofware_rental_usage"/>
        <field name="sequence" eval="1"/>
        <field name="type">move</field>
        <field name="work_order_type">move</field>
        <field name="scope">product_unit</field>
        <field name="for_billing_action" eval="False"/>
    </record>


    <record id="product_operation_sofware_rental_migration" model="product.operation.template">
        <field name="name">Software Rental (Migration)</field>
    </record>
    <record id="sale_sw_rental_migration_install" model="product.operation.template.line">
        <field name="operation_template_id" ref="product_operation_sofware_rental_migration"/>
        <field name="sequence" eval="0"/>
        <field name="type">sale</field>
        <field name="work_order_type">migrate</field>
        <field name="scope">product_unit</field>
        <field name="for_billing_action" eval="True"/>
    </record>
    <record id="sale_sw_rental_migration_implementation" model="product.operation.template.line">
        <field name="operation_template_id" ref="product_operation_sofware_rental_migration"/>
        <field name="sequence" eval="1"/>
        <field name="type">sale</field>
        <field name="work_order_type">implementation</field>
        <field name="scope">product_contract</field>
        <field name="for_billing_action" eval="False"/>
    </record>
    <record id="sale_sw_rental_migration_implementation_0" model="product.operation.template.line.activity">
        <field name="operation_template_line_id" ref="sale_sw_rental_migration_implementation"/>
        <field name="sequence" eval="0"/>
        <field name="name">Melaksanakan Kick Off Meeting dengan Customer</field>
        <field name="for_billing_action" eval="False"/>
    </record>
    <record id="sale_sw_rental_migration_implementation_1" model="product.operation.template.line.activity">
        <field name="operation_template_line_id" ref="sale_sw_rental_migration_implementation"/>
        <field name="sequence" eval="1"/>
        <field name="name">Melakukan Set Up Master Data Customer berdasarkan template yang ada</field>
        <field name="for_billing_action" eval="False"/>
    </record>
    <record id="sale_sw_rental_migration_implementation_2" model="product.operation.template.line.activity">
        <field name="operation_template_line_id" ref="sale_sw_rental_migration_implementation"/>
        <field name="sequence" eval="2"/>
        <field name="name">Melakukan Upload Master Data</field>
        <field name="for_billing_action" eval="False"/>
    </record>
    <record id="sale_sw_rental_migration_implementation_3" model="product.operation.template.line.activity">
        <field name="operation_template_line_id" ref="sale_sw_rental_migration_implementation"/>
        <field name="sequence" eval="3"/>
        <field name="name">Melakukan Training Session dengan Customer</field>
        <field name="for_billing_action" eval="False"/>
    </record>
    <record id="sale_sw_rental_migration_implementation_4" model="product.operation.template.line.activity">
        <field name="operation_template_line_id" ref="sale_sw_rental_migration_implementation"/>
        <field name="sequence" eval="4"/>
        <field name="name">Customer telah memberikan Feedback mengenai product saat trial product</field>
        <field name="for_billing_action" eval="False"/>
    </record>
    <record id="churn_sw_rental_migration_deactivation" model="product.operation.template.line">
        <field name="operation_template_id" ref="product_operation_sofware_rental_migration"/>
        <field name="sequence" eval="0"/>
        <field name="type">churn</field>
        <field name="work_order_type">deactivation</field>
        <field name="scope">product_unit</field>
        <field name="for_billing_action" eval="True"/>
    </record>
    <record id="move_sw_rental_migration" model="product.operation.template.line">
        <field name="operation_template_id" ref="product_operation_sofware_rental_migration"/>
        <field name="sequence" eval="1"/>
        <field name="type">move</field>
        <field name="work_order_type">move</field>
        <field name="scope">product_unit</field>
        <field name="for_billing_action" eval="False"/>
    </record>
</odoo>