<?xml version="1.0" encoding="utf-8"?>
<odoo noupdate="1">
    <record id="product_uom_categ_package_subscription" model="uom.category">
        <field name="name">Subscription Package</field>
        <field name="for_sale_quotation">True</field>
    </record>
    <record id="product_uom_package_subscription_unit_month" model="uom.uom">
        <field name="category_id" ref="product_uom_categ_package_subscription"/>
        <field name="name">Units / Month</field>
        <field name="factor" eval="1"/>
        <field name="uom_type">reference</field>
    </record>
    <record id="product_uom_package_subscription_usage_month" model="uom.uom">
        <field name="category_id" ref="product_uom_categ_package_subscription"/>
        <field name="name">Usages / Month</field>
        <field name="factor" eval="1"/>
        <field name="uom_type">bigger</field>
    </record>

    <record id="product_uom_categ_install_and_implementation" model="uom.category">
        <field name="name">Installation / Implementation</field>
        <field name="for_sale_quotation">True</field>
    </record>
    <record id="product_uom_install" model="uom.uom">
        <field name="category_id" ref="product_uom_categ_install_and_implementation"/>
        <field name="name">Installation</field>
        <field name="factor" eval="1"/>
        <field name="uom_type">reference</field>
    </record>
    <record id="product_uom_charge_unit" model="uom.uom">
        <field name="category_id" ref="product_uom_categ_install_and_implementation"/>
        <field name="name">Unit</field>
        <field name="factor" eval="1"/>
        <field name="uom_type">bigger</field>
    </record>
    <record id="product_uom_implementation" model="uom.uom">
        <field name="category_id" ref="product_uom_categ_install_and_implementation"/>
        <field name="name">Implementation</field>
        <field name="factor" eval="1"/>
        <field name="uom_type">bigger</field>
    </record>
    <record id="product_uom_migration" model="uom.uom">
        <field name="category_id" ref="product_uom_categ_install_and_implementation"/>
        <field name="name">Migration</field>
        <field name="factor" eval="1"/>
        <field name="uom_type">bigger</field>
    </record>

    <record id="product_uom_categ_purchase" model="uom.category">
        <field name="name">Purchase</field>
        <field name="for_sale_quotation">True</field>
    </record>
    <record id="product_uom_purchase_unit" model="uom.uom">
        <field name="category_id" ref="product_uom_categ_purchase"/>
        <field name="name">Purchase Unit</field>
        <field name="factor" eval="1"/>
        <field name="uom_type">reference</field>
    </record>
</odoo>