<?xml version="1.0" encoding="utf-8"?>
<odoo noupdate="1">
    <record id="stock.warehouse0" model="stock.warehouse">
        <field name="name">Surabaya</field>
        <field name="code">SBY</field>
    </record>
    <record id="warehouse_jkt" model="stock.warehouse">
        <field name="name">Jakarta</field>
        <field name="code">JKT</field>
    </record>

    <record id="sby_technician" model="stock.location">
        <field name="name">Teknisi</field>
        <field name="location_id" search="[('usage', '=', 'view'), ('name', '=', 'SBY')]"/>
        <field name="usage">internal</field>
    </record>
    <record id="sby_return" model="stock.location">
        <field name="name">Return</field>
        <field name="location_id" search="[('usage', '=', 'view'), ('name', '=', 'SBY')]"/>
        <field name="usage">internal</field>
    </record>
    <record id="sby_refurbishment" model="stock.location">
        <field name="name">Refurbishment</field>
        <field name="location_id" search="[('usage', '=', 'view'), ('name', '=', 'SBY')]"/>
        <field name="usage">internal</field>
    </record>
    <record id="sby_customer" model="stock.location">
        <field name="name">Customer</field>
        <field name="location_id" search="[('usage', '=', 'view'), ('name', '=', 'SBY')]"/>
        <field name="usage">internal</field>
    </record>
    <record id="jkt_technician" model="stock.location">
        <field name="name">Teknisi</field>
        <field name="location_id" search="[('usage', '=', 'view'), ('name', '=', 'JKT')]"/>
        <field name="usage">internal</field>
    </record>
    <record id="jkt_return" model="stock.location">
        <field name="name">Return</field>
        <field name="location_id" search="[('usage', '=', 'view'), ('name', '=', 'JKT')]"/>
        <field name="usage">internal</field>
    </record>
    <record id="jkt_refurbishment" model="stock.location">
        <field name="name">Refurbishment</field>
        <field name="location_id" search="[('usage', '=', 'view'), ('name', '=', 'JKT')]"/>
        <field name="usage">internal</field>
    </record>
    <record id="jkt_customer" model="stock.location">
        <field name="name">Customer</field>
        <field name="location_id" search="[('usage', '=', 'view'), ('name', '=', 'JKT')]"/>
        <field name="usage">internal</field>
    </record>

    <record id="sby_technician_picking" model="stock.picking.type">
        <field name="name">Technician Picking</field>
        <field name="code">internal</field>
        <field name="use_create_lots">False</field>
        <field name="use_existing_lots">True</field>
        <field name="internal_owner_handover">True</field>
        <field name="warehouse_id" ref="stock.warehouse0"/>
        <field name="default_location_src_id" search="[('usage', '=', 'internal'), ('name', '=', 'Stock'), ('location_id', '=', 'SBY')]"/>
        <field name="default_location_dest_id" search="[('usage', '=', 'internal'), ('name', '=', 'Teknisi'), ('location_id', '=', 'SBY')]"/>
        <field name="create_backorder">never</field>
        <field name="asset_activity" eval="None"/>
        <field name="reservation_method">at_confirm</field>
        <field name="sequence_code">RELOAD</field>
        <field name="force_default_location">True</field>
    </record>
    <record id="sby_technician_handover" model="stock.picking.type">
        <field name="name">Technician Handover</field>
        <field name="code">internal</field>
        <field name="use_create_lots">False</field>
        <field name="use_existing_lots">True</field>
        <field name="internal_owner_handover">True</field>
        <field name="warehouse_id" ref="stock.warehouse0"/>
        <field name="default_location_src_id" search="[('usage', '=', 'internal'), ('name', '=', 'Teknisi'), ('location_id', '=', 'SBY')]"/>
        <field name="default_location_dest_id" search="[('usage', '=', 'internal'), ('name', '=', 'Teknisi'), ('location_id', '=', 'SBY')]"/>
        <field name="create_backorder">never</field>
        <field name="asset_activity" eval="None"/>
        <field name="reservation_method">at_confirm</field>
        <field name="sequence_code">HANDOVER</field>
        <field name="force_default_location">True</field>
    </record>
    <record id="sby_technician_migrate" model="stock.picking.type">
        <field name="name">Technician Migration</field>
        <field name="code">internal</field>
        <field name="use_create_lots">True</field>
        <field name="use_existing_lots">False</field>
        <field name="internal_owner_handover">True</field>
        <field name="warehouse_id" ref="stock.warehouse0"/>
        <field name="default_location_src_id" search="[('usage', '=', 'customer'), ('name', '=', 'Customers'), ('location_id', '=', 'Partners')]"/>
        <field name="default_location_dest_id" search="[('usage', '=', 'internal'), ('name', '=', 'Teknisi'), ('location_id', '=', 'SBY')]"/>
        <field name="create_backorder">never</field>
        <field name="asset_activity" eval="None"/>
        <field name="reservation_method">at_confirm</field>
        <field name="sequence_code">MIGRATE</field>
        <field name="force_default_location">True</field>
    </record>
    <record id="jkt_technician_picking" model="stock.picking.type">
        <field name="name">Technician Picking</field>
        <field name="code">internal</field>
        <field name="use_create_lots">False</field>
        <field name="use_existing_lots">True</field>
        <field name="internal_owner_handover">True</field>
        <field name="warehouse_id" ref="mceasy_erp.warehouse_jkt"/>
        <field name="default_location_src_id" search="[('usage', '=', 'internal'), ('name', '=', 'Stock'), ('location_id', '=', 'JKT')]"/>
        <field name="default_location_dest_id" search="[('usage', '=', 'internal'), ('name', '=', 'Teknisi'), ('location_id', '=', 'JKT')]"/>
        <field name="create_backorder">never</field>
        <field name="asset_activity" eval="None"/>
        <field name="reservation_method">at_confirm</field>
        <field name="sequence_code">RELOAD</field>
        <field name="force_default_location">True</field>
    </record>
    <record id="jkt_technician_handover" model="stock.picking.type">
        <field name="name">Technician Handover</field>
        <field name="code">internal</field>
        <field name="use_create_lots">False</field>
        <field name="use_existing_lots">True</field>
        <field name="internal_owner_handover">True</field>
        <field name="warehouse_id" ref="mceasy_erp.warehouse_jkt"/>
        <field name="default_location_src_id" search="[('usage', '=', 'internal'), ('name', '=', 'Teknisi'), ('location_id', '=', 'JKT')]"/>
        <field name="default_location_dest_id" search="[('usage', '=', 'internal'), ('name', '=', 'Teknisi'), ('location_id', '=', 'JKT')]"/>
        <field name="create_backorder">never</field>
        <field name="asset_activity" eval="None"/>
        <field name="reservation_method">at_confirm</field>
        <field name="sequence_code">HANDOVER</field>
        <field name="force_default_location">True</field>
    </record>
    <record id="jkt_technician_migrate" model="stock.picking.type">
        <field name="name">Technician Migration</field>
        <field name="code">internal</field>
        <field name="use_create_lots">True</field>
        <field name="use_existing_lots">False</field>
        <field name="internal_owner_handover">True</field>
        <field name="warehouse_id" ref="mceasy_erp.warehouse_jkt"/>
        <field name="default_location_src_id" search="[('usage', '=', 'customer'), ('name', '=', 'Customers'), ('location_id', '=', 'Partners')]"/>
        <field name="default_location_dest_id" search="[('usage', '=', 'internal'), ('name', '=', 'Teknisi'), ('location_id', '=', 'JKT')]"/>
        <field name="create_backorder">never</field>
        <field name="asset_activity" eval="None"/>
        <field name="reservation_method">at_confirm</field>
        <field name="sequence_code">MIGRATE</field>
        <field name="force_default_location">True</field>
    </record>
    <record id="sby_technician_install" model="stock.picking.type">
        <field name="name">Technician Install</field>
        <field name="code">internal</field>
        <field name="use_create_lots">False</field>
        <field name="use_existing_lots">True</field>
        <field name="internal_owner_handover">True</field>
        <field name="warehouse_id" ref="stock.warehouse0"/>
        <field name="default_location_src_id" search="[('usage', '=', 'internal'), ('name', '=', 'Teknisi'), ('location_id', '=', 'SBY')]"/>
        <field name="default_location_dest_id" search="[('usage', '=', 'internal'), ('name', '=', 'Customer'), ('location_id', '=', 'SBY')]"/>
        <field name="create_backorder">never</field>
        <field name="asset_activity">attach</field>
        <field name="reservation_method">at_confirm</field>
        <field name="sequence_code">INSTALL</field>
        <field name="force_default_location">True</field>
    </record>
    <record id="jkt_technician_install" model="stock.picking.type">
        <field name="name">Technician Install</field>
        <field name="code">internal</field>
        <field name="use_create_lots">False</field>
        <field name="use_existing_lots">True</field>
        <field name="internal_owner_handover">True</field>
        <field name="warehouse_id" ref="mceasy_erp.warehouse_jkt"/>
        <field name="default_location_src_id" search="[('usage', '=', 'internal'), ('name', '=', 'Teknisi'), ('location_id', '=', 'JKT')]"/>
        <field name="default_location_dest_id" search="[('usage', '=', 'internal'), ('name', '=', 'Customer'), ('location_id', '=', 'JKT')]"/>
        <field name="create_backorder">never</field>
        <field name="asset_activity">attach</field>
        <field name="reservation_method">at_confirm</field>
        <field name="sequence_code">INSTALL</field>
        <field name="force_default_location">True</field>
    </record>
    <record id="sby_technician_uninstall" model="stock.picking.type">
        <field name="name">Technician Uninstall</field>
        <field name="code">internal</field>
        <field name="use_create_lots">False</field>
        <field name="use_existing_lots">True</field>
        <field name="internal_owner_handover">True</field>
        <field name="warehouse_id" ref="stock.warehouse0"/>
        <field name="default_location_src_id" search="[('usage', '=', 'internal'), ('name', '=', 'Customer'), ('location_id', '=', 'SBY')]"/>
        <field name="default_location_dest_id" search="[('usage', '=', 'internal'), ('name', '=', 'Teknisi'), ('location_id', '=', 'SBY')]"/>
        <field name="create_backorder">never</field>
        <field name="asset_activity">detach</field>
        <field name="reservation_method">at_confirm</field>
        <field name="sequence_code">UNINSTALL</field>
        <field name="force_default_location">True</field>
    </record>
    <record id="jkt_technician_uninstall" model="stock.picking.type">
        <field name="name">Technician Uninstall</field>
        <field name="code">internal</field>
        <field name="use_create_lots">False</field>
        <field name="use_existing_lots">True</field>
        <field name="internal_owner_handover">True</field>
        <field name="warehouse_id" ref="mceasy_erp.warehouse_jkt"/>
        <field name="default_location_src_id" search="[('usage', '=', 'internal'), ('name', '=', 'Customer'), ('location_id', '=', 'JKT')]"/>
        <field name="default_location_dest_id" search="[('usage', '=', 'internal'), ('name', '=', 'Teknisi'), ('location_id', '=', 'JKT')]"/>
        <field name="create_backorder">never</field>
        <field name="asset_activity">detach</field>
        <field name="reservation_method">at_confirm</field>
        <field name="sequence_code">UNINSTALL</field>
        <field name="force_default_location">True</field>
    </record>

    <record id="installation_sby" model="stock.route">
        <field name="name">Installation Surabaya</field>
        <field name="supplied_wh_id" ref="stock.warehouse0"/>
        <field name="product_categ_selectable">False</field>
        <field name="product_selectable">True</field>
        <field name="warehouse_selectable">False</field>
        <field name="work_order_applicable">install</field>
        <field name="sale_selectable">False</field>
    </record>
    <record id="technician_reload_sby" model="stock.rule">
        <field name="name">Surabaya Technician Picking</field>
        <field name="action">pull</field>
        <field name="picking_type_id" ref="sby_technician_picking"/>
        <field name="location_src_id" search="[('usage', '=', 'internal'), ('name', '=', 'Stock'), ('location_id', '=', 'SBY')]"/>
        <field name="location_dest_id" search="[('usage', '=', 'internal'), ('name', '=', 'Teknisi'), ('location_id', '=', 'SBY')]"/>
        <field name="procure_method">make_to_stock</field>
        <field name="route_id" ref="installation_sby"/>
        <field name="warehouse_id" ref="stock.warehouse0"/>
        <field name="group_propagation_option">none</field>
    </record>
    <record id="technician_install_sby" model="stock.rule">
        <field name="name">Surabaya Technician Installation</field>
        <field name="action">pull</field>
        <field name="picking_type_id" ref="sby_technician_install"/>
        <field name="location_src_id" search="[('usage', '=', 'internal'), ('name', '=', 'Teknisi'), ('location_id', '=', 'SBY')]"/>
        <field name="location_dest_id" search="[('usage', '=', 'internal'), ('name', '=', 'Customer'), ('location_id', '=', 'SBY')]"/>
        <field name="procure_method">mts_else_mto</field>
        <field name="route_id" ref="installation_sby"/>
        <field name="warehouse_id" ref="stock.warehouse0"/>
    </record>

    <record id="migration_sby" model="stock.route">
        <field name="name">Migration Surabaya</field>
        <field name="product_categ_selectable">False</field>
        <field name="product_selectable">True</field>
        <field name="warehouse_selectable">False</field>
        <field name="work_order_applicable">migrate</field>
        <field name="sale_selectable">False</field>
    </record>
    <record id="technician_migrate_sby" model="stock.rule">
        <field name="name">Surabaya Technician Migration Registration</field>
        <field name="action">pull</field>
        <field name="picking_type_id" ref="sby_technician_migrate"/>
        <field name="location_src_id" search="[('usage', '=', 'customer'), ('name', '=', 'Customers'), ('location_id', '=', 'Partners')]"/>
        <field name="location_dest_id" search="[('usage', '=', 'internal'), ('name', '=', 'Teknisi'), ('location_id', '=', 'SBY')]"/>
        <field name="procure_method">make_to_stock</field>
        <field name="route_id" ref="migration_sby"/>
        <field name="warehouse_id" ref="stock.warehouse0"/>
        <field name="group_propagation_option">none</field>
    </record>
    <record id="technician_install_from_migrate_sby" model="stock.rule">
        <field name="name">Surabaya Technician Migration Setup</field>
        <field name="action">pull</field>
        <field name="picking_type_id" ref="sby_technician_install"/>
        <field name="location_src_id" search="[('usage', '=', 'internal'), ('name', '=', 'Teknisi'), ('location_id', '=', 'SBY')]"/>
        <field name="location_dest_id" search="[('usage', '=', 'customer'), ('name', '=', 'Customers'), ('location_id', '=', 'Partners')]"/>
        <field name="procure_method">mts_else_mto</field>
        <field name="route_id" ref="migration_sby"/>
        <field name="warehouse_id" ref="stock.warehouse0"/>
    </record>

    <record id="installation_jkt" model="stock.route">
        <field name="name">Installation Jakarta</field>
        <field name="supplied_wh_id" ref="mceasy_erp.warehouse_jkt"/>
        <field name="product_categ_selectable">False</field>
        <field name="product_selectable">True</field>
        <field name="warehouse_selectable">False</field>
        <field name="work_order_applicable">install</field>
        <field name="sale_selectable">False</field>
    </record>
    <record id="technician_reload_jkt" model="stock.rule">
        <field name="name">Jakarta Technician Picking</field>
        <field name="action">pull</field>
        <field name="picking_type_id" ref="jkt_technician_picking"/>
        <field name="location_src_id" search="[('usage', '=', 'internal'), ('name', '=', 'Stock'), ('location_id', '=', 'JKT')]"/>
        <field name="location_dest_id" search="[('usage', '=', 'internal'), ('name', '=', 'Teknisi'), ('location_id', '=', 'JKT')]"/>
        <field name="procure_method">make_to_stock</field>
        <field name="route_id" ref="installation_jkt"/>
        <field name="warehouse_id" ref="warehouse_jkt"/>
        <field name="group_propagation_option">none</field>
    </record>
    <record id="technician_install_jkt" model="stock.rule">
        <field name="name">Jakarta Technician Installation</field>
        <field name="action">pull</field>
        <field name="picking_type_id" ref="jkt_technician_install"/>
        <field name="location_src_id" search="[('usage', '=', 'internal'), ('name', '=', 'Teknisi'), ('location_id', '=', 'JKT')]"/>
        <field name="location_dest_id" search="[('usage', '=', 'internal'), ('name', '=', 'Customer'), ('location_id', '=', 'JKT')]"/>
        <field name="procure_method">mts_else_mto</field>
        <field name="route_id" ref="installation_jkt"/>
        <field name="warehouse_id" ref="warehouse_jkt"/>
    </record>

    <record id="migration_jkt" model="stock.route">
        <field name="name">Migration Jakarta</field>
        <field name="product_categ_selectable">False</field>
        <field name="product_selectable">True</field>
        <field name="warehouse_selectable">False</field>
        <field name="work_order_applicable">migrate</field>
        <field name="sale_selectable">False</field>
    </record>
    <record id="technician_migrate_jkt" model="stock.rule">
        <field name="name">Jakarta Technician Migration Registration</field>
        <field name="action">pull</field>
        <field name="picking_type_id" ref="jkt_technician_migrate"/>
        <field name="location_src_id" search="[('usage', '=', 'customer'), ('name', '=', 'Customers'), ('location_id', '=', 'Partners')]"/>
        <field name="location_dest_id" search="[('usage', '=', 'internal'), ('name', '=', 'Teknisi'), ('location_id', '=', 'JKT')]"/>
        <field name="procure_method">make_to_stock</field>
        <field name="route_id" ref="migration_jkt"/>
        <field name="warehouse_id" ref="warehouse_jkt"/>
        <field name="group_propagation_option">none</field>
    </record>
    <record id="technician_install_from_migrate_jkt" model="stock.rule">
        <field name="name">Jakarta Technician Migration Setup</field>
        <field name="action">pull</field>
        <field name="picking_type_id" ref="jkt_technician_install"/>
        <field name="location_src_id" search="[('usage', '=', 'internal'), ('name', '=', 'Teknisi'), ('location_id', '=', 'JKT')]"/>
        <field name="location_dest_id" search="[('usage', '=', 'customer'), ('name', '=', 'Customers'), ('location_id', '=', 'Partners')]"/>
        <field name="procure_method">mts_else_mto</field>
        <field name="route_id" ref="migration_jkt"/>
        <field name="warehouse_id" ref="warehouse_jkt"/>
    </record>

    <record id="maintenance_sby" model="stock.route">
        <field name="name">Maintenance Surabaya</field>
        <field name="supplied_wh_id" ref="stock.warehouse0"/>
        <field name="product_categ_selectable">False</field>
        <field name="product_selectable">True</field>
        <field name="warehouse_selectable">False</field>
        <field name="work_order_applicable">maintenance</field>
        <field name="sale_selectable">False</field>
    </record>
    <record id="technician_maintenance_detach_sby" model="stock.rule">
        <field name="name">Surabaya Technician Maintenance Detach</field>
        <field name="action">pull</field>
        <field name="picking_type_id" ref="sby_technician_uninstall"/>
        <field name="location_src_id" search="[('usage', '=', 'internal'), ('name', '=', 'Customer'), ('location_id', '=', 'SBY')]"/>
        <field name="location_dest_id" search="[('usage', '=', 'internal'), ('name', '=', 'Refurbishment'), ('location_id', '=', 'SBY')]"/>
        <field name="procure_method">make_to_stock</field>
        <field name="route_id" ref="maintenance_sby"/>
        <field name="warehouse_id" ref="stock.warehouse0"/>
        <field name="group_propagation_option">propagate</field>
        <field name="sequence">3</field>
    </record>
    <record id="technician_maintenance_attach_sby" model="stock.rule">
        <field name="name">Surabaya Technician Maintenance Attach</field>
        <field name="action">pull</field>
        <field name="picking_type_id" ref="sby_technician_install"/>
        <field name="location_src_id" search="[('usage', '=', 'internal'), ('name', '=', 'Teknisi'), ('location_id', '=', 'SBY')]"/>
        <field name="location_dest_id" search="[('usage', '=', 'internal'), ('name', '=', 'Customer'), ('location_id', '=', 'SBY')]"/>
        <field name="procure_method">mts_else_mto</field>
        <field name="route_id" ref="maintenance_sby"/>
        <field name="warehouse_id" ref="stock.warehouse0"/>
        <field name="group_propagation_option">propagate</field>
        <field name="sequence">2</field>
    </record>
    <record id="technician_maintenance_reload_sby" model="stock.rule">
        <field name="name">Surabaya Technician Picking</field>
        <field name="action">pull</field>
        <field name="picking_type_id" ref="sby_technician_picking"/>
        <field name="location_src_id" search="[('usage', '=', 'internal'), ('name', '=', 'Stock'), ('location_id', '=', 'SBY')]"/>
        <field name="location_dest_id" search="[('usage', '=', 'internal'), ('name', '=', 'Teknisi'), ('location_id', '=', 'SBY')]"/>
        <field name="procure_method">make_to_stock</field>
        <field name="route_id" ref="maintenance_sby"/>
        <field name="warehouse_id" ref="stock.warehouse0"/>
        <field name="group_propagation_option">none</field>
        <field name="sequence">1</field>
    </record>
    <record id="maintenance_jkt" model="stock.route">
        <field name="name">Maintenance Jakarta</field>
        <field name="supplied_wh_id" ref="warehouse_jkt"/>
        <field name="product_categ_selectable">False</field>
        <field name="product_selectable">True</field>
        <field name="warehouse_selectable">False</field>
        <field name="work_order_applicable">maintenance</field>
        <field name="sale_selectable">False</field>
    </record>
    <record id="technician_maintenance_detach_jkt" model="stock.rule">
        <field name="name">Jakarta Technician Maintenance Detach</field>
        <field name="action">pull</field>
        <field name="picking_type_id" ref="jkt_technician_uninstall"/>
        <field name="location_src_id" search="[('usage', '=', 'internal'), ('name', '=', 'Customer'), ('location_id', '=', 'JKT')]"/>
        <field name="location_dest_id" search="[('usage', '=', 'internal'), ('name', '=', 'Refurbishment'), ('location_id', '=', 'JKT')]"/>
        <field name="procure_method">make_to_stock</field>
        <field name="route_id" ref="maintenance_jkt"/>
        <field name="warehouse_id" ref="warehouse_jkt"/>
        <field name="group_propagation_option">propagate</field>
        <field name="sequence">3</field>
    </record>
    <record id="technician_maintenance_attach_jkt" model="stock.rule">
        <field name="name">Jakarta Technician Maintenance Attach</field>
        <field name="action">pull</field>
        <field name="picking_type_id" ref="jkt_technician_install"/>
        <field name="location_src_id" search="[('usage', '=', 'internal'), ('name', '=', 'Teknisi'), ('location_id', '=', 'JKT')]"/>
        <field name="location_dest_id" search="[('usage', '=', 'internal'), ('name', '=', 'Customer'), ('location_id', '=', 'JKT')]"/>
        <field name="procure_method">mts_else_mto</field>
        <field name="route_id" ref="maintenance_jkt"/>
        <field name="warehouse_id" ref="warehouse_jkt"/>
        <field name="group_propagation_option">propagate</field>
        <field name="sequence">2</field>
    </record>
    <record id="technician_maintenance_reload_jkt" model="stock.rule">
        <field name="name">Jakarta Technician Picking</field>
        <field name="action">pull</field>
        <field name="picking_type_id" ref="jkt_technician_picking"/>
        <field name="location_src_id" search="[('usage', '=', 'internal'), ('name', '=', 'Stock'), ('location_id', '=', 'JKT')]"/>
        <field name="location_dest_id" search="[('usage', '=', 'internal'), ('name', '=', 'Teknisi'), ('location_id', '=', 'JKT')]"/>
        <field name="procure_method">make_to_stock</field>
        <field name="route_id" ref="maintenance_jkt"/>
        <field name="warehouse_id" ref="warehouse_jkt"/>
        <field name="group_propagation_option">none</field>
        <field name="sequence">1</field>
    </record>

    <record id="move_asset_sby" model="stock.route">
        <field name="name">Pindah Unit Surabaya</field>
        <field name="supplied_wh_id" ref="stock.warehouse0"/>
        <field name="product_categ_selectable">False</field>
        <field name="product_selectable">True</field>
        <field name="warehouse_selectable">False</field>
        <field name="work_order_applicable">move</field>
        <field name="sale_selectable">False</field>
    </record>
    <record id="move_asset_attach_sby" model="stock.rule">
        <field name="name">Surabaya Technician Move Attach</field>
        <field name="action">push</field>
        <field name="picking_type_id" ref="sby_technician_install"/>
        <field name="location_src_id" search="[('usage', '=', 'internal'), ('name', '=', 'Teknisi'), ('location_id', '=', 'SBY')]"/>
        <field name="location_dest_id" search="[('usage', '=', 'internal'), ('name', '=', 'Customer'), ('location_id', '=', 'SBY')]"/>
        <field name="auto">manual</field>
        <field name="route_id" ref="move_asset_sby"/>
        <field name="warehouse_id" ref="stock.warehouse0"/>
        <field name="sequence">1</field>
    </record>
    <record id="move_asset_detach_sby" model="stock.rule">
        <field name="name">Surabaya Technician Move Detach</field>
        <field name="action">pull</field>
        <field name="picking_type_id" ref="sby_technician_uninstall"/>
        <field name="location_src_id" search="[('usage', '=', 'internal'), ('name', '=', 'Customer'), ('location_id', '=', 'SBY')]"/>
        <field name="location_dest_id" search="[('usage', '=', 'internal'), ('name', '=', 'Teknisi'), ('location_id', '=', 'SBY')]"/>
        <field name="procure_method">make_to_stock</field>
        <field name="route_id" ref="move_asset_sby"/>
        <field name="warehouse_id" ref="stock.warehouse0"/>
        <field name="group_propagation_option">propagate</field>
        <field name="sequence">2</field>
    </record>

    <record id="move_asset_jkt" model="stock.route">
        <field name="name">Pindah Unit Jakarta</field>
        <field name="supplied_wh_id" ref="warehouse_jkt"/>
        <field name="product_categ_selectable">False</field>
        <field name="product_selectable">True</field>
        <field name="warehouse_selectable">False</field>
        <field name="work_order_applicable">move</field>
        <field name="sale_selectable">False</field>
    </record>
    <record id="move_asset_attach_jkt" model="stock.rule">
        <field name="name">Jakarta Technician Move Attach</field>
        <field name="action">push</field>
        <field name="picking_type_id" ref="jkt_technician_install"/>
        <field name="location_src_id" search="[('usage', '=', 'internal'), ('name', '=', 'Teknisi'), ('location_id', '=', 'JKT')]"/>
        <field name="location_dest_id" search="[('usage', '=', 'internal'), ('name', '=', 'Customer'), ('location_id', '=', 'JKT')]"/>
        <field name="auto">manual</field>
        <field name="route_id" ref="move_asset_jkt"/>
        <field name="warehouse_id" ref="warehouse_jkt"/>
        <field name="sequence">1</field>
    </record>
    <record id="move_asset_detach_jkt" model="stock.rule">
        <field name="name">Jakarta Technician Move Detach</field>
        <field name="action">pull</field>
        <field name="picking_type_id" ref="jkt_technician_uninstall"/>
        <field name="location_src_id" search="[('usage', '=', 'internal'), ('name', '=', 'Customer'), ('location_id', '=', 'JKT')]"/>
        <field name="location_dest_id" search="[('usage', '=', 'internal'), ('name', '=', 'Teknisi'), ('location_id', '=', 'JKT')]"/>
        <field name="procure_method">make_to_stock</field>
        <field name="route_id" ref="move_asset_jkt"/>
        <field name="warehouse_id" ref="warehouse_jkt"/>
        <field name="group_propagation_option">propagate</field>
        <field name="sequence">2</field>
    </record>
    
    <record id="churn_sby" model="stock.route">
        <field name="name">Pelepasan Surabaya</field>
        <field name="supplied_wh_id" ref="stock.warehouse0"/>
        <field name="product_categ_selectable">False</field>
        <field name="product_selectable">True</field>
        <field name="warehouse_selectable">False</field>
        <field name="work_order_applicable">uninstall</field>
        <field name="sale_selectable">False</field>
    </record>
    <record id="churn_detach_sby" model="stock.rule">
        <field name="name">Surabaya Technician Move Detach</field>
        <field name="action">pull</field>
        <field name="picking_type_id" ref="sby_technician_uninstall"/>
        <field name="location_src_id" search="[('usage', '=', 'internal'), ('name', '=', 'Customer'), ('location_id', '=', 'SBY')]"/>
        <field name="location_dest_id" search="[('usage', '=', 'internal'), ('name', '=', 'Return'), ('location_id', '=', 'SBY')]"/>
        <field name="procure_method">make_to_stock</field>
        <field name="route_id" ref="churn_sby"/>
        <field name="warehouse_id" ref="stock.warehouse0"/>
        <field name="group_propagation_option">propagate</field>
        <field name="sequence">1</field>
    </record>

    <record id="churn_jkt" model="stock.route">
        <field name="name">Pelepasan Jakarta</field>
        <field name="supplied_wh_id" ref="warehouse_jkt"/>
        <field name="product_categ_selectable">False</field>
        <field name="product_selectable">True</field>
        <field name="warehouse_selectable">False</field>
        <field name="work_order_applicable">uninstall</field>
        <field name="sale_selectable">False</field>
    </record>
    <record id="churn_detach_jkt" model="stock.rule">
        <field name="name">Jakarta Technician Move Detach</field>
        <field name="action">pull</field>
        <field name="picking_type_id" ref="jkt_technician_uninstall"/>
        <field name="location_src_id" search="[('usage', '=', 'internal'), ('name', '=', 'Customer'), ('location_id', '=', 'JKT')]"/>
        <field name="location_dest_id" search="[('usage', '=', 'internal'), ('name', '=', 'Return'), ('location_id', '=', 'JKT')]"/>
        <field name="procure_method">make_to_stock</field>
        <field name="route_id" ref="churn_jkt"/>
        <field name="warehouse_id" ref="stock.warehouse0"/>
        <field name="group_propagation_option">propagate</field>
        <field name="sequence">1</field>
    </record>
</odoo>