<?xml version="1.0" encoding="UTF-8"?>
<templates id="template" xml:space="preserve">
     <!-- Extends the Orderline template to add a button for displaying pricelist. -->
    <t t-name="product_multi_uom_pos.Orderline"
       t-inherit="point_of_sale.Orderline"
       t-inherit-mode="extension" owl="1">
        <xpath expr="//ul[hasclass('info-list')]" position="after">
        <t t-if="line.onSelectionChangedUom and line.getUom(this).length != 0">
                <button id="reset_uom" style="margin-top: 15px; background:transparent;border:transparent;
                                                    margin-bottom: 5px;margin-left: 180px;"
                        t-on-click="line.resetUom">
                    <i class="fa fa-rotate-left"/>
                </button>
            <select style="width:32%;height:25px;border-radius:5px;border:1px solid transparent;margin-top: -22px;
                                    margin-bottom: 5px;margin-left: 10px; background: rgb(95 115 116 / 20%);"
                    id="select_uom" class="select_uom"
                    t-on-change="line.onSelectionChangedUom"
                    t-ref="uom_value">
                    <option value="change_uom" id="change_uom"
                            selected="selected"
                            disabled="disabled">Change UoM</option>
                <t t-foreach="line.getUom(this)" t-as="item"
                   t-key="item.id">
                       <option id="select_uom"
                               class="select_uom"
                               t-att-value="[item.price,item.uom_id[0],item.uom_id[1]]">
                         <div><span>$ <t
                                 t-esc="item.price"/> per
                             <t t-esc="item.uom_id[1]"/></span></div>
                       </option>
                     </t>
                </select>
            </t>
        </xpath>
    </t>
</templates>
