<?xml version="1.0" encoding="UTF-8"?>
<templates id="template" xml:space="preserve">
    <t t-name="mceasy_erp.BankRecFinishButtons">
        <p t-if="otherFiltersActive" class="btn btn-primary" t-on-click="clearFilters">All Transactions</p>
        <p>
            <t t-set="linkName" t-value="breadcrumbs.length > 1 ? breadcrumbs.slice(-2)[0].name : 'Dashboard'"/>
            <a href="#" t-on-click.stop.prevent="breadcrumbBackOrDashboard">Back to <t t-out="linkName"/></a>
        </p>
    </t>
</templates>
