<?xml version="1.0" encoding="utf-8"?>
<odoo>
    <record id="general_ledger_report" model="account.report">
        <field name="name">General Ledger</field>
        <field name="filter_journals" eval="True"/>
        <field name="filter_analytic" eval="True"/>
        <field name="filter_period_comparison" eval="False"/>
        <field name="filter_multi_company">selector</field>
        <field name="filter_unfold_all" eval="True"/>
        <field name="filter_hide_0_lines">never</field>
        <field name="default_opening_date_filter">this_month</field>
        <field name="search_bar" eval="True"/>
        <field name="load_more_limit" eval="80"/>
        <field name="custom_handler_model_id" ref="model_account_general_ledger_report_handler"/>
        <field name="column_ids">
            <record id="general_ledger_report_date" model="account.report.column">
                <field name="name">Invoice Date</field>
                <field name="expression_label">invoice_date</field>
                <field name="figure_type">date</field>
            </record>
            <record id="general_ledger_report_communication" model="account.report.column">
                <field name="name">Communication</field>
                <field name="expression_label">communication</field>
                <field name="figure_type">string</field>
            </record>
            <record id="general_ledger_report_partner_name" model="account.report.column">
                <field name="name">Partner</field>
                <field name="expression_label">partner_name</field>
                <field name="figure_type">string</field>
            </record>
            <record id="general_ledger_report_amount_currency" model="account.report.column">
                <field name="name">Currency</field>
                <field name="expression_label">amount_currency</field>
            </record>
            <record id="general_ledger_report_debit" model="account.report.column">
                <field name="name">Debit</field>
                <field name="expression_label">debit</field>
            </record>
            <record id="general_ledger_report_credit" model="account.report.column">
                <field name="name">Credit</field>
                <field name="expression_label">credit</field>
            </record>
            <record id="general_ledger_report_balance" model="account.report.column">
                <field name="name">Balance</field>
                <field name="expression_label">balance</field>
            </record>
        </field>
    </record>
</odoo>
