<?xml version="1.0" encoding="utf-8"?>
<odoo>
    <menuitem id="account_reports_partners_reports_menu" name="Partner Reports" parent="account.menu_finance_reports" sequence="3">
        <menuitem id="menu_action_account_report_partner_ledger" name="Partner Ledger" action="action_account_report_partner_ledger" groups="account.group_account_readonly"/>
        <menuitem id="menu_action_account_report_aged_receivable" name="Aged Receivable" action="action_account_report_ar" groups="account.group_account_readonly"/>
        <menuitem id="menu_action_account_report_aged_payable" name="Aged Payable" action="action_account_report_ap" groups="account.group_account_readonly"/>
    </menuitem>
    <menuitem id="account_reports_audit_reports_menu" name="Audit Reports" parent="account.menu_finance_reports" sequence="2">
        <menuitem id="menu_action_account_report_general_ledger" name="General Ledger" action="action_account_report_general_ledger" groups="account.group_account_readonly"/>
        <menuitem id="menu_action_account_report_coa" name="Trial Balance" action="action_account_report_coa" groups="account.group_account_readonly"/>
        <menuitem id="menu_action_account_report_ja" name="Journal Report" action="action_account_report_ja" groups="account.group_account_readonly"/>
    </menuitem>

    <menuitem id="menu_action_account_report_gt" name="Tax Report" action="action_account_report_gt" parent="account.account_reports_legal_statements_menu" sequence="50"/>
    <menuitem id="menu_action_account_report_sales" action="action_account_report_sales" parent="account.account_reports_legal_statements_menu" sequence="60" groups="account.group_account_readonly" active="False"/>

    <menuitem id="menu_action_account_report_multicurrency_revaluation" name="Unrealized Currency Gains/Losses" action="action_account_report_multicurrency_revaluation" parent="account.account_reports_management_menu" groups="base.group_multi_currency"/>
    <menuitem id="menu_action_account_report_balance_sheet" name="Balance Sheet" action="action_account_report_bs" parent="account.account_reports_legal_statements_menu" groups="account.group_account_readonly"/>
    <menuitem id="menu_action_account_report_profit_and_loss" name="Profit and Loss" action="action_account_report_pl" parent="account.account_reports_legal_statements_menu" groups="account.group_account_readonly"/>
    <menuitem id="menu_action_account_report_cash_flow" name="Cash Flow Statement" action="action_account_report_cs" parent="account.account_reports_legal_statements_menu" groups="account.group_account_readonly"/>
    <menuitem id="menu_action_account_report_exec_summary" name="Executive Summary" action="action_account_report_exec_summary" parent="account.account_reports_legal_statements_menu" groups="account.group_account_readonly"/>
    <menuitem id="menu_action_account_report_deferred_expense" name="Deferred Expense" action="action_account_report_deferred_expense" parent="account.account_reports_management_menu" groups="account.group_account_readonly"/>
    <menuitem id="menu_action_account_report_deferred_revenue" name="Deferred Revenue" action="action_account_report_deferred_revenue" parent="account.account_reports_management_menu" groups="account.group_account_readonly"/>
    <menuitem id="menu_action_account_report_tree" name="Accounting Reports" sequence="6" parent="account.account_management_menu" action="action_account_report_tree" groups="base.group_no_one"/>
    <menuitem id="menu_action_account_report_horizontal_groups" name="Horizontal Groups" action="action_account_report_horizontal_groups" parent="account.account_account_menu" sequence="10" groups="base.group_no_one"/>
    <menuitem id="menu_action_account_report_assets"
        name="Depreciation Schedule"
        action="action_account_report_assets"
        parent="account.account_reports_management_menu"
        groups="account.group_account_readonly"/>
</odoo>
