<?xml version="1.0" encoding="UTF-8" ?>
<odoo>
    <record id="generic_ec_sales_report" model="account.report">
        <field name="name">Generic EC Sales List</field>
        <field name="filter_show_draft" eval="True"/>
        <field name="filter_period_comparison" eval="False"/>
        <field name="filter_date_range" eval="True"/>
        <field name="filter_journals" eval="True"/>
        <field name="filter_show_draft" eval="False"/>
        <field name="filter_unreconciled" eval="False"/>
        <field name="filter_multi_company">selector</field>
        <field name="default_opening_date_filter">last_month</field>
        <field name="load_more_limit" eval="80"/>
        <field name="search_bar" eval="True"/>
        <field name="custom_handler_model_id" ref="model_account_ec_sales_report_handler"/>
        <field name="column_ids">
            <record id="account_financial_report_ec_sales_country" model="account.report.column">
                <field name="name">Country Code</field>
                <field name="expression_label">country_code</field>
                <field name="figure_type">string</field>
                <field name="sortable" eval="True"/>
            </record>
            <record id="account_financial_report_ec_sales_vat" model="account.report.column">
                <field name="name">VAT Number</field>
                <field name="expression_label">vat_number</field>
                <field name="figure_type">string</field>
                <field name="sortable" eval="True"/>
            </record>
            <record id="account_financial_report_ec_sales_amount" model="account.report.column">
                <field name="name">Amount</field>
                <field name="expression_label">balance</field>
                <field name="sortable" eval="True"/>
            </record>
        </field>
    </record>
</odoo>
