<?xml version="1.0" encoding="utf-8"?>
<odoo>
    <data>
        <record id="account.account_payment_term_30days" model="account.payment.term">
            <field name="name">1 Month After Invoice</field>
        </record>

        <record id="account_payment_term_60days" model="account.payment.term">
            <field name="name">2 Month After Invoice</field>
            <field name="note">Payment terms: 60 Days</field>
            <field name="line_ids" eval="[Command.clear(), Command.create({'value': 'percent', 'value_amount': 100.0, 'nb_days': 60})]"/>
        </record>

        <record id="account_payment_term_90days" model="account.payment.term">
            <field name="name">3 Month After Invoice</field>
            <field name="note">Payment terms: 90 Days</field>
            <field name="line_ids" eval="[Command.clear(), Command.create({'value': 'percent', 'value_amount': 100.0, 'nb_days': 90})]"/>
        </record>


        <record id="res_partner_size_sme" model="res.partner.size">
            <field name="name">SME</field>
            <field name="first_printout_payment_term_id" ref="account.account_payment_term_15days"/>
            <field name="printout_payment_term_id" ref="account.account_payment_term_30days"/>
            <field name="aging_payment_term_id" ref="account.account_payment_term_30days"/>
        </record>

        <record id="res_partner_size_med" model="res.partner.size">
            <field name="name">Medium</field>
            <field name="first_printout_payment_term_id" ref="account.account_payment_term_15days"/>
            <field name="printout_payment_term_id" ref="account.account_payment_term_30days"/>
            <field name="aging_payment_term_id" ref="mceasy_erp.account_payment_term_60days"/>
        </record>

        <record id="res_partner_size_large" model="res.partner.size">
            <field name="name">Large</field>
            <field name="first_printout_payment_term_id" ref="account.account_payment_term_15days"/>
            <field name="printout_payment_term_id" ref="account.account_payment_term_30days"/>
            <field name="aging_payment_term_id" ref="mceasy_erp.account_payment_term_90days"/>
        </record>






    </data>
</odoo>