<?xml version="1.0" encoding="utf-8"?>
<odoo>
    <data noupdate="1">
        <record id="res_partner_approval_configuration_data" model="approval">
            <field name="name">Customer or Vendor Request</field>
            <field name="ir_model_id" search="[('model', '=', 'res.partner')]"/>
            <field name="ir_ui_view_id" search="[('name', '=', 'res.partner.contract')]"/>
            <field name="company_id" ref="base.main_company"/>
        </record>
        <record id="approval_line_customer_request" model="approval.line">
            <field name="name">Customer</field>
            <field name="approval_id" ref="res_partner_approval_configuration_data" />
            <field name="approval_state" search="[
                ('approval_id', '=', ref('res_partner_approval_configuration_data')),
                ('key', '=', 'request')
            ]"/>
            <field name="approval_type">any</field>
            <field name="action_approve_function">action_confirm</field>
            <field name="action_reject_function">action_reject</field>
            <field name="approval_line_approvers" eval="[
                Command.create({
                    'sequence': 1,
                    'approver_id': ref('res_user_jeanette_grace_leyloh'),
                    'approval_rules': [
                        Command.create({
                            'domain_list': [('customer_rank', '>', 0)]
                        }),
                    ]
                }),
                Command.create({
                    'sequence': 2,
                    'approver_id': ref('res_user_yuli_anti'),
                    'approval_rules': [
                        Command.create({
                            'domain_list': [('customer_rank', '>', 0)]
                        }),
                    ]
                }),
            ]"/>
        </record>
        <record id="approval_line_vendor_request" model="approval.line">
            <field name="name">Vendor / Supplier</field>
            <field name="approval_id" ref="res_partner_approval_configuration_data" />
            <field name="approval_state" search="[
                ('approval_id', '=', ref('res_partner_approval_configuration_data')),
                ('key', '=', 'request')
            ]"/>
            <field name="approval_type">any</field>
            <field name="action_approve_function">action_confirm</field>
            <field name="action_reject_function">action_reject</field>
            <field name="approval_line_approvers" eval="[
                Command.create({
                    'sequence': 1,
                    'approver_id': ref('res_user_anindya_senja'),
                    'approval_rules': [
                        Command.create({
                            'domain_list': [('supplier_rank', '>', 0)]
                        }),
                    ]
                }),
                Command.create({
                    'sequence': 2,
                    'approver_id': ref('res_user_wiliam_irawan'),
                    'approval_rules': [
                        Command.create({
                            'domain_list': [('supplier_rank', '>', 0)]
                        }),
                    ]
                }),
            ]"/>
        </record>

        <record id="sale_quotation_approval_configuration_data" model="approval">
            <field name="name">Quotation</field>
            <field name="ir_model_id" search="[('model', '=', 'sale.quotation')]"/>
            <field name="ir_ui_view_id" search="[('name', '=', 'sale.quotation.form')]"/>
            <field name="company_id" ref="base.main_company"/>
        </record>
        <record id="approval_line_bd" model="approval.line">
            <field name="name">Business Development</field>
            <field name="approval_id" ref="sale_quotation_approval_configuration_data"/>
            <field name="approval_state" search="[
                ('approval_id', '=', ref('sale_quotation_approval_configuration_data')),
                ('key', '=', 'request')
            ]"/>
            <field name="approval_type">any</field>
            <field name="action_approve_function">action_confirm</field>
            <field name="action_reject_function">action_reject</field>
            <field name="approval_line_approvers" eval="[
                Command.create({
                    'sequence': 1,
                    'approver_id': ref('res_user_jeanette_grace_leyloh'),
                    'approval_rules': [
                        Command.create({
                            'domain_list': [
                                ('user_id.sale_team_id.category', 'in', [
                                    ref('category_sales_business_development')
                                ])
                            ]
                        }),
                    ]
                }),
                Command.create({
                    'sequence': 2,
                    'approver_id': ref('res_user_yuli_anti'),
                    'approval_rules': [
                        Command.create({
                            'domain_list': [
                                ('user_id.sale_team_id.category', 'in', [
                                    ref('category_sales_business_development')
                                ])
                            ]
                        }),
                    ]
                }),
            ]"/>
        </record>
        <record id="approval_line_telemarketing" model="approval.line">
            <field name="name">Telemarketing</field>
            <field name="approval_id" ref="sale_quotation_approval_configuration_data"/>
            <field name="approval_state" search="[
                ('approval_id', '=', ref('sale_quotation_approval_configuration_data')),
                ('key', '=', 'request')
            ]"/>
            <field name="approval_type">multi_level</field>
            <field name="action_approve_function">action_confirm</field>
            <field name="action_reject_function">action_reject</field>
            <field name="approval_line_approvers" eval="[
                Command.create({
                    'sequence': 1,
                    'approver_id': ref('res_user_yuli_anti'),
                    'approver_alternative_id': [ref('res_user_jeanette_grace_leyloh')],
                    'approval_rules': [
                        Command.create({
                            'domain_list': [
                                ('user_id.sale_team_id.category', 'in', [
                                    ref('category_sales_telemarketing')
                                ]),
                            ]
                        }),
                    ]
                }),
                Command.create({
                    'sequence': 2,
                    'approver_id': ref('res_user_yenny_widjojo'),
                    'approval_rules': [
                        Command.create({
                            'domain_list': [
                                ('user_id.sale_team_id.category', 'in', [
                                    ref('category_sales_telemarketing')
                                ]),
                            ]
                        }),
                    ]
                }),
            ]"/>
        </record>
        <record id="sale_order_approval_configuration_data" model="approval">
            <field name="name">Sale Order</field>
            <field name="ir_model_id" search="[('model', '=', 'sale.order')]"/>
            <field name="ir_ui_view_id" search="[('name', '=', 'mceasy.sale.order.form')]"/>
            <field name="company_id" ref="base.main_company"/>
        </record>
        <record id="approval_line_sale_order_1_sales" model="approval.line">
            <field name="name">Sales</field>
            <field name="approval_id" ref="sale_order_approval_configuration_data"/>
            <field name="approval_state" search="[
                ('approval_id', '=', ref('sale_order_approval_configuration_data')),
                ('key', '=', 'request')
            ]"/>
            <field name="approval_type">any</field>
            <field name="action_approve_function">action_send</field>
            <field name="action_reject_function">action_reject</field>
            <field name="approval_line_approvers" eval="[
                Command.create({
                    'sequence': 1,
                    'approver_id': ref('res_user_yuli_anti'),
                    'approval_rules': [
                        Command.create({
                            'domain_list': [
                                ('contract_id', '!=', False)
                            ]
                        }),
                    ]
                }),
                Command.create({
                    'sequence': 2,
                    'approver_id': ref('res_user_jeanette_grace_leyloh'),
                    'approval_rules': [
                        Command.create({
                            'domain_list': [
                                ('contract_id', '!=', False)
                            ]
                        }),
                    ]
                }),
            ]"/>
        </record>
        <record id="approval_line_sale_order_2_finance" model="approval.line">
            <field name="name">Finance</field>
            <field name="approval_id" ref="sale_order_approval_configuration_data"/>
            <field name="approval_state" search="[
                ('approval_id', '=', ref('sale_order_approval_configuration_data')),
                ('key', '=', 'finance_request')
            ]"/>
            <field name="approval_type">any</field>
            <field name="action_approve_function">action_confirm</field>
            <field name="action_reject_function">action_reject</field>
            <field name="approval_line_approvers" eval="[
                Command.create({
                    'sequence': 1,
                    'approver_id': ref('res_user_hapsari_lavenia'),
                    'approval_rules': [
                        Command.create({
                            'domain_list': [
                                ('contract_id', '!=', False)
                            ]
                        })
                    ]
                }),
                Command.create({
                    'sequence': 2,
                    'approver_id': ref('res_user_nugrah_pranedya'),
                    'approval_rules': [
                        Command.create({
                            'domain_list': [
                                ('contract_id', '!=', False)
                            ]
                        })
                    ]
                }),
                Command.create({
                    'sequence': 3,
                    'approver_id': ref('res_user_wiliam_irawan'),
                    'approval_rules': [
                        Command.create({
                            'domain_list': [
                                ('contract_id', '!=', False)
                            ]
                        })
                    ]
                }),
            ]"/>
        </record>
        <record id="work_order_approval_configuration_data" model="approval">
            <field name="name">Work Order</field>
            <field name="ir_model_id" search="[('model', '=', 'work.order')]"/>
            <field name="ir_ui_view_id" search="[('name', '=', 'work.order.form.view')]"/>
            <field name="company_id" ref="base.main_company"/>
        </record>
        <record id="approval_line_work_order" model="approval.line">
            <field name="name">General</field>
            <field name="approval_id" ref="work_order_approval_configuration_data"/>
            <field name="approval_state" search="[
                ('approval_id', '=', ref('work_order_approval_configuration_data')),
                ('key', '=', 'request')
            ]"/>
            <field name="approval_type">any</field>
            <field name="action_approve_function">action_done</field>
            <field name="action_reject_function">action_reject</field>
            <field name="approval_line_approvers" eval="[
                Command.create({
                    'sequence': 1,
                    'approver_id': ref('res_user_cecep_saifurrohman'),
                    'approval_rules': [
                        Command.create({
                            'domain_list': [
                                ('state', 'in', ['progress', 'after_sale_transfer'])
                            ]
                        })
                    ]
                })
            ]"/>
        </record>
        <record id="purchase_order_approval_configuration_data" model="approval">
            <field name="name">Purchase Order</field>
            <field name="ir_model_id" search="[('model', '=', 'purchase.order')]"/>
            <field name="ir_ui_view_id" ref="mceasy_erp.purchase_order_form"/>
            <field name="company_id" ref="base.main_company"/>
        </record>
        <record id="approval_line_purchase_order" model="approval.line">
            <field name="name">General</field>
            <field name="approval_id" ref="purchase_order_approval_configuration_data"/>
            <field name="approval_state" search="[
                ('approval_id', '=', ref('purchase_order_approval_configuration_data')),
                ('key', '=', 'request')
            ]"/>
            <field name="approval_type">multi_level</field>
            <field name="action_approve_function">button_confirm</field>
            <field name="action_reject_function">action_reject</field>
            <field name="approval_line_approvers" eval="[
                Command.create({
                    'sequence': 1,
                    'approver_id': ref('res_user_anindya_senja'),
                    'approval_rules': [
                        Command.create({
                            'domain_list': [
                                ('amount_total', '>', 0),
                            ]
                        })
                    ]
                }),
                Command.create({
                    'sequence': 2,
                    'approver_id': ref('res_user_achmad_rissal'),
                    'approval_rules': [
                        Command.create({
                            'domain_list': [
                                ('amount_total', '>=', 1000000),
                            ]
                        })
                    ]
                }),
                Command.create({
                    'sequence': 2,
                    'approver_id': ref('res_user_hendrik_ekowaluyo'),
                    'approval_rules': [
                        Command.create({
                            'domain_list': [
                                ('amount_total', '>=', 10000000),
                            ]
                        })
                    ]
                }),
            ]"/>
        </record>

        <record id="account_move_approval_configuration_data" model="approval">
            <field name="name">Vendor Receipt</field>
            <field name="ir_model_id" search="[('model', '=', 'account.move')]"/>
            <field name="ir_ui_view_id" search="[('name', '=', 'account.move.inherit.form')]"/>
            <field name="company_id" ref="base.main_company"/>
        </record>

        <record id="approval_line_vendor_receipt" model="approval.line">
            <field name="name">General</field>
            <field name="approval_id" ref="account_move_approval_configuration_data"/>
            <field name="approval_state" search="[
                ('approval_id', '=', ref('account_move_approval_configuration_data')),
                ('key', '=', 'request')
            ]"/>
            <field name="approval_type">multi_level</field>
            <field name="action_approve_function">action_post</field>
            <field name="action_reject_function">action_reject</field>
            <field name="approval_line_approvers" eval="[
                Command.create({
                    'sequence': 1,
                    'approver_id': ref('res_user_anindya_senja'),
                    'approval_rules': [
                        Command.create({
                            'domain_list': [
                                ('amount_residual', '>', 0),
                                ('journal_id.type', '=', 'purchase'),
                                ('move_type', '=', 'in_receipt')
                            ]
                        })
                    ]
                }),
                Command.create({
                    'sequence': 2,
                    'approver_id': ref('res_user_achmad_rissal'),
                    'approval_rules': [
                        Command.create({
                            'domain_list': [
                                ('amount_residual', '>=', 1000000),
                                ('journal_id.type', '=', 'purchase'),
                                ('move_type', '=', 'in_receipt')
                            ]
                        })
                    ]
                }),
                Command.create({
                    'sequence': 2,
                    'approver_id': ref('res_user_hendrik_ekowaluyo'),
                    'approval_rules': [
                        Command.create({
                            'domain_list': [
                                ('amount_residual', '>=', 10000000),
                                ('journal_id.type', '=', 'purchase'),
                                ('move_type', '=', 'in_receipt')
                            ]
                        })
                    ]
                }),
            ]"/>
        </record>
    </data>
</odoo>