<?xml version="1.0" encoding="utf-8"?>
<odoo>
    <data noupdate="1">
    
        <record id="res_user_achmad_rissal" model="res.users">
            <field name="name">Achmad Rissal</field>
            <field name="login">achmad.rissal@mceasy.co.id</field>
        </record>

        <record id="res_user_yenny_widjojo" model="res.users">
            <field name="name">Yenny Widjojo</field>
            <field name="login">yenny.widjojo@mceasy.co.id</field>
        </record>

        <record id="res_user_jeanette_grace_leyloh" model="res.users">
            <field name="name">Jeanette Grace Leyloh</field>
            <field name="login">jeanette.grace@mceasy.co.id</field>
        </record>

        <record id="res_user_wiliam_irawan" model="res.users">
            <field name="name">Wiliam Irawan</field>
            <field name="login">william.irawan@mceasy.co.id</field>
        </record>

        <record id="res_user_anindya_senja" model="res.users">
            <field name="name">Anindya Senja</field>
            <field name="login">anindya.senja@mceasy.co.id</field>
        </record>

        <record id="res_user_yuli_anti" model="res.users">
            <field name="name">Yulianti</field>
            <field name="login">yuli.anti@mceasy.co.id</field>
        </record>

        <record id="res_user_hapsari_lavenia" model="res.users">
            <field name="name">Hapsari Lavenia</field>
            <field name="login">hapsari.lavenia@mceasy.co.id</field>
        </record>

        <record id="res_user_nugrah_pranedya" model="res.users">
            <field name="name">Nugrah Pranedya</field>
            <field name="login">nugrah.pranedya@mceasy.co.id</field>
        </record>

        <record id="res_user_cecep_saifurrohman" model="res.users">
            <field name="name">Cecep Saifurrohman</field>
            <field name="login">cecep.saifurrohman@mceasy.co.id</field>
        </record>

        <record id="res_user_hendrik_ekowaluyo" model="res.users">
            <field name="name">Hendrik Ekowaluyo</field>
            <field name="login">hendrik.ekowaluyo@mceasy.co.id</field>
        </record>

        <record id="res_user_sri_purwanti" model="res.users">
            <field name="name">Sri Purwanti</field>
            <field name="login">sri.purwanti@mceasy.co.id</field>
        </record>
    
    </data>
</odoo>
