id,name,model_id:id,group_id:id,perm_read,perm_write,perm_create,perm_unlink
access_work_order,access.work.order,mceasy_erp.model_work_order,mceasy_erp.group_service_module_manager,1,1,1,1
access_outstanding_work_order,access.outstanding.work.order,mceasy_erp.model_outstanding_work_order,mceasy_erp.group_service_module_manager,1,1,1,1
access_work_order_line,access.work.order.line,mceasy_erp.model_work_order_line,mceasy_erp.group_service_module_manager,1,1,1,1
access_work_order_line_product,access.work.order.line.product,mceasy_erp.model_work_order_line_product,mceasy_erp.group_service_module_manager,1,1,1,1
access_work_order_line_transfer,access.work.order.line.transfer,mceasy_erp.model_work_order_line_transfer,mceasy_erp.group_service_module_manager,1,1,1,1
access_work_order_line_component_check,access.work.order.line.component.check,mceasy_erp.model_work_order_line_component_check,mceasy_erp.group_service_module_manager,1,1,1,1
access_work_order_activity,access.work.order.activity,mceasy_erp.model_work_order_activity,mceasy_erp.group_service_module_manager,1,1,1,1
access_work_order_helper,access.work.order.helper,mceasy_erp.model_work_order_helper,mceasy_erp.group_service_module_manager,1,1,1,1
access_entity_asset,access.entity.asset,mceasy_erp.model_entity_asset,mceasy_erp.group_service_module_manager,1,1,1,1
access_entity_asset_component,access.entity.asset.component,mceasy_erp.model_entity_asset_component,mceasy_erp.group_service_module_manager,1,1,1,1
access_entity_asset_specification,access.entity.asset.specification,mceasy_erp.model_entity_asset_specification,mceasy_erp.group_service_module_manager,1,1,1,1
access_entity_asset_specification_model,access.entity.asset.specification.model,mceasy_erp.model_entity_asset_specification_model,mceasy_erp.group_service_module_manager,1,1,1,1
access_entity_asset_specification_manufacturer,access.entity.asset.specification.manufacturer,mceasy_erp.model_entity_asset_specification_manufacturer,mceasy_erp.group_service_module_manager,1,1,1,1
access_entity_asset_specification_category,access.entity.asset.specification.category,mceasy_erp.model_entity_asset_specification_category,mceasy_erp.group_service_module_manager,1,1,1,1
access_partner_domain,access.partner.domain,mceasy_erp.model_partner_domain,mceasy_erp.group_service_module_manager,1,1,1,1
access_toplevel_domain,access.toplevel.domain,mceasy_erp.model_toplevel_domain,mceasy_erp.group_service_module_manager,1,1,1,1
access_partner_branch_domain,access.partner.branch.domain,mceasy_erp.model_partner_branch_domain,mceasy_erp.group_service_module_manager,1,1,1,1

access_service_sale_product_contract,access.service.sale.product.contract,mceasy_erp.model_sale_product_contract,mceasy_erp.group_service_module_manager,1,1,1,0
access_service_sale_product_contract_activity_manager,access.service.sale.product.contract.activity.manager,mceasy_erp.model_sale_product_contract_activity,mceasy_erp.group_service_module_manager,1,1,1,1
access_subscription_line_service_manager,access.subscription.line.service.manager,mceasy_erp.model_subscription_line,mceasy_erp.group_service_module_manager,1,1,0,0
access_subscription_service_manager,access.subscription.service.manager,mceasy_erp.model_subscription,mceasy_erp.group_service_module_manager,1,1,0,0
access_service_after_sale_order_manager,access.service.after.sale.order.manager,mceasy_erp.model_after_sale_order,mceasy_erp.group_service_module_manager,1,1,0,0
access_service_after_sale_order_line_manager,access.service.after.sale.order.line.manager,mceasy_erp.model_after_sale_order_line,mceasy_erp.group_service_module_manager,1,1,0,0

access_work_order_readonly,access.work.order.readonly,mceasy_erp.model_work_order,mceasy_erp.group_service_module_read_only,1,0,0,0
access_outstanding_work_order_readonly,access.outstanding.work.order.readonly,mceasy_erp.model_outstanding_work_order,mceasy_erp.group_service_module_read_only,1,0,0,0
access_work_order_line_readonly,access.work.order.line.readonly,mceasy_erp.model_work_order_line,mceasy_erp.group_service_module_read_only,1,0,0,0
access_work_order_line_product_readonly,access.work.order.line.product.readonly,mceasy_erp.model_work_order_line_product,mceasy_erp.group_service_module_read_only,1,0,0,0
access_work_order_line_transfer_readonly,access.work.order.line.transfer.readonly,mceasy_erp.model_work_order_line_transfer,mceasy_erp.group_service_module_read_only,1,0,0,0
access_work_order_line_component_check_readonly,access.work.order.line.component.check.readonly,mceasy_erp.model_work_order_line_component_check,mceasy_erp.group_service_module_read_only,1,0,0,0
access_work_order_activity_readonly,access.work.order.activity.readonly,mceasy_erp.model_work_order_activity,mceasy_erp.group_service_module_read_only,1,0,0,0
access_work_order_helper_readonly,access.work.order.helper.readonly,mceasy_erp.model_work_order_helper,mceasy_erp.group_service_module_read_only,1,0,0,0
access_entity_asset_readonly,access.entity.asset.readonly,mceasy_erp.model_entity_asset,mceasy_erp.group_service_module_read_only,1,0,0,0
access_entity_asset_component_readonly,access.entity.asset.component.readonly,mceasy_erp.model_entity_asset_component,mceasy_erp.group_service_module_read_only,1,0,0,0
access_entity_asset_specification_readonly,access.entity.asset.specification.readonly,mceasy_erp.model_entity_asset_specification,mceasy_erp.group_service_module_read_only,1,0,0,0
access_entity_asset_specification_model_readonly,access.entity.asset.specification.model.readonly,mceasy_erp.model_entity_asset_specification_model,mceasy_erp.group_service_module_read_only,1,0,0,0
access_entity_asset_specification_manufacturer_readonly,access.entity.asset.specification.manufacturer.readonly,mceasy_erp.model_entity_asset_specification_manufacturer,mceasy_erp.group_service_module_read_only,1,0,0,0
access_entity_asset_specification_category_readonly,access.entity.asset.specification.category.readonly,mceasy_erp.model_entity_asset_specification_category,mceasy_erp.group_service_module_read_only,1,0,0,0
access_partner_domain_readonly,access.partner.domain.readonly,mceasy_erp.model_partner_domain,mceasy_erp.group_service_module_read_only,1,0,0,0

access_service_sale_contract_readonly,access.service.sale.contract.readonly,mceasy_erp.model_sale_contract,mceasy_erp.group_service_module_read_only,1,0,0,0
access_service_sale_quotation_readonly,access.service.sale.quotation.readonly,mceasy_erp.model_sale_quotation,mceasy_erp.group_service_module_read_only,1,0,0,0
access_service_sale_quotation_line_readonly,access.service.sale.quotation.line.readonly,mceasy_erp.model_sale_quotation_line,mceasy_erp.group_service_module_read_only,1,0,0,0
access_service_sale_quotation_promotion_line_readonly,access.service.sale.quotation.promotion.line,mceasy_erp.model_sale_quotation_promotion_line,mceasy_erp.group_service_module_read_only,1,0,0,0
access_service_sale_product_contract_readonly,access.service.sale.product.contract.readonly,mceasy_erp.model_sale_product_contract,mceasy_erp.group_service_module_read_only,1,0,0,0
access_service_sale_product_contract_reserved_readonly,access.service.sale.product.contract.reserved.readonly,mceasy_erp.model_sale_contract_reserved_product,mceasy_erp.group_service_module_read_only,1,0,0,0
access_service_sale_product_contract_activity_readonly,access.service.sale.product.contract.activity.readonly,mceasy_erp.model_sale_product_contract_activity,mceasy_erp.group_service_module_read_only,1,0,0,0
access_subscription_plan_service_readonly,access.subscription.plan.service.readonly,mceasy_erp.model_subscription_plan,mceasy_erp.group_service_module_read_only,1,0,0,0
access_subscription_line_service_readonly,access.subscription.line.service.readonly,mceasy_erp.model_subscription_line,mceasy_erp.group_service_module_read_only,1,0,0,0
access_subscription_account.move.line.detail_service_readonly,access.subscription.account.move.line.detail.readonly,mceasy_erp.model_subscription_account_move_line_detail,mceasy_erp.group_service_module_read_only,1,0,0,0
access_subscription_service_readonly,access.subscription.service.readonly,mceasy_erp.model_subscription,mceasy_erp.group_service_module_read_only,1,0,0,0
access_service_after_sale_order_readonly,access.service.after.sale.order.readonly,mceasy_erp.model_after_sale_order,mceasy_erp.group_service_module_read_only,1,0,0,0
access_service_after_sale_order_line_readonly,access.service.after.sale.order.line.readonly,mceasy_erp.model_after_sale_order_line,mceasy_erp.group_service_module_read_only,1,0,0,0
access_service_account_tag_readonly,access.service.account.tag.readonly,account.model_account_account_tag,mceasy_erp.group_service_module_read_only,1,0,0,0