<?xml version="1.0" encoding="utf-8"?>
<odoo>
    <record model="ir.module.category" id="module_category_service">
        <field name="name">Service</field>
    </record>
    <record model="ir.module.category" id="module_category_service_role">
        <field name="name">Role</field>
        <field name="parent_id" ref="module_category_service" />
    </record>
    <record id="group_service_module_read_only" model="res.groups">
        <field name="name">Read-only</field>
        <field name="implied_ids" eval="[(4, ref('base.group_user'))]"/>
        <field name="category_id" ref="module_category_service_role"/>
    </record>
    <record id="group_service_module_manager" model="res.groups">
        <field name="name">Manager</field>
        <field name="implied_ids" eval="[(4, ref('group_service_module_read_only'))]"/>
        <field name="category_id" ref="module_category_service_role"/>
    </record>
    <record model="ir.rule" id="outstanding_wo_restricted_company_rule">
        <field name="name">Restricted Outstanding WO: multi-company</field>
        <field name="model_id" ref="model_outstanding_work_order"/>
        <field name="global" eval="True"/>
        <field name="domain_force">
            [('company_id', 'in', company_ids)]
        </field>
    </record>
    <record model="ir.rule" id="work_order_restricted_company_rule">
        <field name="name">Restricted WO: multi-company</field>
        <field name="model_id" ref="model_work_order"/>
        <field name="global" eval="True"/>
        <field name="domain_force">
            [('company_id', 'in', company_ids)]
        </field>
    </record>
    <record model="ir.rule" id="entity_asset_restricted_company_rule">
        <field name="name">Restricted Entity Asset: multi-company</field>
        <field name="model_id" ref="model_entity_asset"/>
        <field name="global" eval="True"/>
        <field name="domain_force">
            [('company_id', 'in', company_ids)]
        </field>
    </record>
    <record model="ir.rule" id="partner_domain_restricted_company_rule">
        <field name="name">Restricted Partner Domain: multi-company</field>
        <field name="model_id" ref="model_partner_domain"/>
        <field name="global" eval="True"/>
        <field name="domain_force">
            [('company_id', 'in', company_ids)]
        </field>
    </record>
</odoo>