id,name,model_id:id,group_id:id,perm_read,perm_write,perm_create,perm_unlink

access_approval_manager,mceasy_erp.access.approval,mceasy_erp.model_approval,mceasy_erp.group_approval_module_manager,1,1,1,1
access_approval_line_manager,mceasy_erp.access.approval.line,mceasy_erp.model_approval_line,mceasy_erp.group_approval_module_manager,1,1,1,1
access_approval_state_manager,mceasy_erp.access.approval.state,mceasy_erp.model_approval_state,mceasy_erp.group_approval_module_manager,1,1,1,1
access_approval_mixin_manager,mceasy_erp.access.approval.mixin,mceasy_erp.model_approval_mixin,base.group_user,1,1,1,1
access_approval_activity_manager,mceasy_erp.access.approval.activity,mceasy_erp.model_approval_activity,mceasy_erp.group_approval_module_manager,1,1,1,1
access_approval_reject_wizard_manager,mceasy_erp.access.approval.reject.wizard,mceasy_erp.model_approval_reject_wizard,mceasy_erp.group_approval_module_manager,1,1,1,1
access_approval_line_approver_manager,mceasy_erp.access.approval.line.approver,mceasy_erp.model_approval_line_approver,mceasy_erp.group_approval_module_manager,1,1,1,1
access_approval_line_rule_manager,mceasy_erp.access.approval.line.rule,mceasy_erp.model_approval_line_rule,mceasy_erp.group_approval_module_manager,1,1,1,1
access_approval_approver_manager,mceasy_erp.access.approval.approver,mceasy_erp.model_approval_approver,mceasy_erp.group_approval_module_manager,1,1,1,1

access_approval_approver,mceasy_erp.access.approval,mceasy_erp.model_approval,mceasy_erp.group_approval_module_approver,1,0,0,0
access_approval_line_approver,mceasy_erp.access.approval.line,mceasy_erp.model_approval_line,mceasy_erp.group_approval_module_approver,1,0,0,0
access_approval_state_approver,mceasy_erp.access.approval.state,mceasy_erp.model_approval_state,mceasy_erp.group_approval_module_approver,1,0,0,0
access_approval_activity_approver,mceasy_erp.access.approval.activity,mceasy_erp.model_approval_activity,mceasy_erp.group_approval_module_approver,1,1,1,1
access_approval_reject_wizard_approver,mceasy_erp.access.approval.reject.wizard,mceasy_erp.model_approval_reject_wizard,mceasy_erp.group_approval_module_approver,1,1,1,1
access_approval_line_approver_approver,mceasy_erp.access.approval.line,mceasy_erp.model_approval_line_approver,mceasy_erp.group_approval_module_approver,1,0,0,0
access_approval_line_rule_approver,mceasy_erp.access.approval.line.rule,mceasy_erp.model_approval_line_rule,mceasy_erp.group_approval_module_approver,1,0,0,0
access_approval_approver_approver,mceasy_erp.access.approval.approver,mceasy_erp.model_approval_approver,mceasy_erp.group_approval_module_approver,1,1,1,1

access_model_requestor,mceasy_erp.access.model.approver,base.model_ir_model,base.group_user,1,0,0,0
access_approval_requestor,mceasy_erp.access.approval,mceasy_erp.model_approval,base.group_user,1,0,0,0
access_approval_line_approver_requestor,mceasy_erp.access.approval.line,mceasy_erp.model_approval_line_approver,base.group_user,1,0,0,0
access_approval_state_requestor,mceasy_erp.access.approval.state,mceasy_erp.model_approval_state,base.group_user,1,0,0,0
access_approval_line_requestor,mceasy_erp.access.approval.line,mceasy_erp.model_approval_line,base.group_user,1,0,0,0
access_approval_line_rule_requestor,mceasy_erp.access.approval.line.rule,mceasy_erp.model_approval_line_rule,base.group_user,1,0,0,0
access_approval_activity_requestor,mceasy_erp.access.approval.activity,mceasy_erp.model_approval_activity,base.group_user,1,0,0,0
access_approval_approver_requestor,mceasy_erp.access.approval.approver,mceasy_erp.model_approval_approver,base.group_user,1,1,1,1