<?xml version="1.0" encoding="utf-8"?>
<odoo>
    <record model="ir.module.category" id="module_category_approval">
        <field name="name">Approval</field>
    </record>
    <record model="ir.module.category" id="module_category_approval_role">
        <field name="name">Role</field>
        <field name="parent_id" ref="module_category_approval" />
    </record>
    <record id="mceasy_erp.group_approval_module_approver" model="res.groups">
        <field name="name">Approver</field>
        <field name="implied_ids" eval="[(4, ref('base.group_user'))]"/>
        <field name="category_id" ref="module_category_approval_role"/>
    </record>
    <record id="mceasy_erp.group_approval_module_manager" model="res.groups">
        <field name="name">Administrator</field>
        <field name="implied_ids" eval="[(4, ref('group_approval_module_approver'))]"/>
        <field name="category_id" ref="module_category_approval_role"/>
    </record>

    <record model="ir.rule" id="group_approval_restricted_approval_user_approval">
        <field name="name">Restricted Approval Multi Company</field>
        <field name="model_id" ref="model_approval"/>
        <field name="global" eval="True"/>
        <field name="domain_force">[('company_id', 'in', company_ids)]</field>
    </record>

    <record model="ir.rule" id="group_approval_my_approval">
        <field name="name">Personal Approval</field>
        <field name="model_id" ref="model_approval"/>
        <field name="domain_force">[('approval_lines.approval_line_approvers.approver_id','=',user.id)]</field>
        <field name="groups" eval="[(4, ref('mceasy_erp.group_approval_module_approver'))]"/>
    </record>
    <record model="ir.rule" id="group_approval_all_approval">
        <field name="name">All Approval</field>
        <field name="model_id" ref="model_approval"/>
        <field name="domain_force">[(1,'=',1)]</field>
        <field name="groups" eval="[(4, ref('mceasy_erp.group_approval_module_manager'))]"/>
    </record>
</odoo>