<?xml version="1.0" encoding="UTF-8" ?>
<templates>
    <t t-name="mceasy_erp.AccountReportLineName">
        <t t-call="{{ env.template('AccountReportLineName') }}"/>
    </t>

    <t t-name="mceasy_erp.AccountReportLineNameCustomizable">
        <td
            data-id="line_name"
            class="line_name"
            t-att-class="lineNameClasses"
            t-on-click="() => this.toggleFoldable()"
            t-att-colspan="props.line.colspan || 1"
            tabindex="1"
        >
            <div class="wrapper">
                <t t-if="props.line.unfoldable">
                    <!-- Foldable -->
                    <button data-id="btn_foldable" class="btn btn_foldable">
                        <i t-att-class="props.line.unfolded ? 'fa fa-caret-down' : 'fa fa-caret-right'"/>
                    </button>
                </t>
                <t t-else="">
                    <!-- This keeps the same indentation for when we don't have a btn_foldable button -->
                    <button class="btn btn_foldable_empty"/>
                </t>

                <t t-if="props.line.action_id">
                    <!-- Actions -->
                    <a class="clickable" t-on-click="() => this.triggerAction()">
                        <t t-out="props.line.name"/>
                    </a>
                </t>
                <t t-elif="controller.isLoadMoreLine(props.lineIndex)">
                    <!-- Load more -->
                    <a class="clickable" t-on-click="() => this.loadMore()">
                        <t t-out="props.line.name"/>
                    </a>
                </t>
                <t t-else="">
                    <div data-id="content" class="content">
                        <t t-component="env.component('AccountReportEllipsis')" t-props="{
                            name: props.line.name?.toString(),
                            type: 'string',
                            maxCharacters: 80,
                        }"/>

                        <t t-if="hasVisibleFootnote">
                            <!-- Visible footnotes -->
                            <sup>
                                <a
                                    class="btn btn_footnote_go"
                                    t-att-href="props.line.visible_footnote.href"
                                    t-att-data-tooltip="props.line.visible_footnote.text"
                                    data-tooltip-position="right"
                                >
                                    <t t-out="props.line.visible_footnote.number"/>
                                </a>
                            </sup>
                        </t>

                        <t t-if="hasCaretOptions">
                            <!-- Caret options -->
                            <Dropdown togglerClass="'btn btn_dropdown'" position="'right-start'">
                                <t t-set-slot="toggler">
                                    <i class="fa fa-ellipsis-v"/>
                                </t>

                                <div data-id="caret_options">
                                    <t t-foreach="caretOptions" t-as="caretOption" t-key="caretOption_index">
                                        <DropdownItem onSelected="() => this.caretAction(caretOption)">
                                            <t t-out="caretOption.name"/>
                                        </DropdownItem>
                                    </t>

                                    <DropdownItem onSelected="() => controller.addFootnote(props.line.id)">
                                        Annotate
                                    </DropdownItem>
                                </div>
                            </Dropdown>
                        </t>
                    </div>
                </t>
            </div>
        </td>
    </t>
</templates>
