<?xml version="1.0" encoding="utf-8"?>
<odoo>
    <data noupdate="1">
        <record id="report_layout_standard" model="report.layout">
            <field name="name">Materialize</field>
            <field name="sequence">1</field>
            <field name="view_id" ref="mceasy_erp.mceasy_default_layout"/>
        </record>
        <record id="base.paperformat_euro" model="report.paperformat">
            <field name="name">A4</field>
            <field name="default" eval="True" />
            <field name="format">A4</field>
            <field name="orientation">Portrait</field>
            <field name="margin_top">30</field>
            <field name="margin_bottom">20</field>
            <field name="margin_left">7</field>
            <field name="margin_right">7</field>
            <field name="header_line" eval="False" />
            <field name="header_spacing">25</field>
            <field name="dpi">100</field>
        </record>
    </data>
</odoo>