<?xml version="1.0" encoding="UTF-8" ?>
<templates>
    <t t-name="mceasy_erp.MulticurrencyRevaluationReportFilters" t-inherit="mceasy_erp.AccountReportFiltersCustomizable">
        <xpath expr="//div[@id='filter_extra_options']" position="before">
            <t t-if="'currency_rates' in this.controller.options">
                <div id="filter_exchange_rate" class="filter_exchange_rate">
                    <t t-call="mceasy_erp.MulticurrencyRevaluationReportFilterExchangeRate"/>
                </div>
            </t>
        </xpath>
    </t>
</templates>
