<?xml version="1.0" encoding="UTF-8"?>
<templates id="template" xml:space="preserve">
     <t t-name="total_quantity_pos.OrderReceipt"
        t-inherit="point_of_sale.OrderReceipt" t-inherit-mode="extension">
         <xpath expr="//t[@t-if='props.data.rounding_applied']" position="after">
             <!-- Display the total number of items in the order -->
             <div class="total_items pos-receipt-amount">Total Items:
                 <span class="pos-receipt-right-align"><t t-esc="props.data.ItemCount"/></span>
             </div>
             <!-- Display the total quantities (custom variable) -->
             <div class="pos-receipt-amount">
             Total Quantity:
                 <span class="pos-receipt-right-align"><t t-esc="props.data.TotalQuantity"/></span>
             </div>
         </xpath>
     </t>
</templates>
